Date,AAPL,MSFT,NVDA
2019-01-02,37.575218200683594,94.7896957397461,3.377354145050049
2019-01-03,33.83244323730469,91.30255889892578,3.173304557800293
2019-01-04,35.276729583740234,95.54899597167969,3.3766109943389893
2019-01-07,35.198204040527344,95.67083740234375,3.555370569229126
2019-01-08,35.869197845458984,96.36451721191406,3.4668586254119873
2019-01-09,36.47831726074219,97.74247741699219,3.5350401401519775
2019-01-10,36.59489822387695,97.11442565917969,3.6007418632507324
2019-01-11,36.235618591308594,96.36451721191406,3.6899991035461426
2019-01-14,35.69073486328125,95.66146087646484,3.7299158573150635
2019-01-15,36.421207427978516,98.43617248535156,3.7157845497131348
2019-01-16,36.866146087646484,98.7829818725586,3.69024658203125
2019-01-17,37.085052490234375,99.4766616821289,3.7616522312164307
2019-01-18,37.3134765625,100.96714782714844,3.8908255100250244
2019-01-22,36.47594451904297,99.064208984375,3.688511610031128
2019-01-23,36.623451232910156,100.02975463867188,3.7014036178588867
2019-01-24,36.33317947387695,99.5516586303711,3.9133877754211426
2019-01-25,37.537132263183594,100.46092987060547,3.9706599712371826
2019-01-28,37.18975830078125,98.50178527832031,3.4217348098754883
2019-01-29,36.80428695678711,96.49574279785156,3.2628090381622314
2019-01-30,39.31930160522461,99.72039794921875,3.406362771987915
2019-01-31,39.60245132446289,97.8924560546875,3.5640482902526855
2019-02-01,39.62147903442383,96.34577941894531,3.588345527648926
2019-02-04,40.74694061279297,99.1204605102539,3.6986758708953857
2019-02-05,41.444087982177734,100.50782775878906,3.7177679538726807
2019-02-06,41.4583625793457,99.39230346679688,3.7933876514434814
2019-02-07,40.673160552978516,98.67987823486328,3.655040740966797
2019-02-08,40.72095489501953,99.05485534667969,3.6736350059509277
2019-02-11,40.486778259277344,98.66116333007812,3.630990743637085
2019-02-12,40.83565139770508,100.198486328125,3.7480154037475586
2019-02-13,40.665992736816406,100.12348937988281,3.790412425994873
2019-02-14,40.81415557861328,100.20784759521484,3.8313212394714355
2019-02-15,40.72334289550781,101.44522857666016,3.9009902477264404
2019-02-19,40.84521484375,101.39835357666016,3.8836352825164795
2019-02-20,41.108062744140625,100.87114715576172,3.93099045753479
2019-02-21,40.87628173828125,102.99871063232422,3.862065315246582
2019-02-22,41.332679748535156,104.4673080444336,3.9468579292297363
2019-02-25,41.63376998901367,105.05095672607422,3.9344613552093506
2019-02-26,41.65767288208008,105.77587890625,3.8950395584106445
2019-02-27,41.78670883178711,105.59697723388672,3.8531394004821777
2019-02-28,41.37571334838867,105.4651870727539,3.82856822013855
2019-03-01,41.810604095458984,105.93587493896484,3.8829216957092285
2019-03-04,42.020896911621094,105.68173217773438,3.8911120891571045
2019-03-05,41.94441604614258,105.15453338623047,3.8846595287323
2019-03-06,41.70307922363281,105.20158386230469,3.773719072341919
2019-03-07,41.22038269042969,103.92130279541016,3.704474449157715
2019-03-08,41.318359375,104.03426361083984,3.73872447013855
2019-03-11,42.74971008300781,106.21831512451172,3.9993226528167725
2019-03-12,43.23002624511719,106.96202087402344,4.033573627471924
2019-03-13,43.42118835449219,107.79046630859375,4.184968948364258
2019-03-14,43.90388488769531,107.87516784667969,4.10902214050293
2019-03-15,44.47499465942383,109.11783599853516,4.214502811431885
2019-03-18,44.929019927978516,110.68053436279297,4.1931586265563965
2019-03-19,44.57297134399414,110.75586700439453,4.360934257507324
2019-03-20,44.96247863769531,110.63348388671875,4.328422546386719
2019-03-21,46.61845397949219,113.17525482177734,4.565195560455322
2019-03-22,45.65305709838867,110.19102478027344,4.405362129211426
2019-03-25,45.10106658935547,110.76528930664062,4.313034534454346
2019-03-26,44.635101318359375,111.00065612792969,4.389724254608154
2019-03-27,45.03655242919922,109.92744445800781,4.3805413246154785
2019-03-28,45.09628677368164,110.07804870605469,4.3991546630859375
2019-03-29,45.39021301269531,111.02887725830078,4.456488609313965
2019-04-01,45.69845962524414,112.04560089111328,4.523994445800781
2019-04-02,46.3627815246582,112.20561218261719,4.541864395141602
2019-04-03,46.68058776855469,112.9399185180664,4.681346893310547
2019-04-04,46.761837005615234,112.36566162109375,4.6724114418029785
2019-04-05,47.07486343383789,112.86459350585938,4.739175796508789
2019-04-08,47.815650939941406,112.90228271484375,4.76002311706543
2019-04-09,47.67226028442383,112.29036712646484,4.697231292724609
2019-04-10,47.939903259277344,113.14703369140625,4.767716884613037
2019-04-11,47.540836334228516,113.27880859375,4.753817081451416
2019-04-12,47.521724700927734,113.86248016357422,4.715846061706543
2019-04-15,47.607749938964844,113.9566421508789,4.584057807922363
2019-04-16,47.61252212524414,113.69303894042969,4.67117166519165
2019-04-17,48.53969192504883,114.63444519042969,4.6483378410339355
2019-04-18,48.714134216308594,116.14069366455078,4.623767852783203
2019-04-22,48.87422180175781,116.50782775878906,4.677623271942139
2019-04-23,49.57915115356445,118.08938598632812,4.732227325439453
2019-04-24,49.502689361572266,117.68458557128906,4.744636058807373
2019-04-25,49.05344009399414,121.58197784423828,4.638906478881836
2019-04-26,48.81926727294922,122.27861785888672,4.420001983642578
2019-04-29,48.89334487915039,122.16563415527344,4.450778484344482
2019-04-30,47.951847076416016,122.94703674316406,4.4922261238098145
2019-05-01,50.30559158325195,120.38640594482422,4.479074478149414
2019-05-02,49.97821044921875,118.81427764892578,4.546579837799072
2019-05-03,50.59950637817383,121.34663391113281,4.542112827301025
2019-05-06,49.81812286376953,120.64059448242188,4.463685512542725
2019-05-07,48.475162506103516,118.1646957397461,4.29640531539917
2019-05-08,48.484718322753906,118.15530395507812,4.316509246826172
2019-05-09,47.96379852294922,118.14586639404297,4.223934650421143
2019-05-10,47.29933166503906,119.68035888671875,4.189931392669678
2019-05-13,44.550315856933594,116.12187194824219,3.9325597286224365
2019-05-14,45.25556945800781,117.42100524902344,4.021659851074219
2019-05-15,45.797691345214844,119.07452392578125,3.9606051445007324
2019-05-16,45.59619140625,121.82415008544922,3.9757440090179443
2019-05-17,45.33711242675781,121.01155853271484,3.8849077224731445
2019-05-20,43.91942596435547,119.26353454589844,3.766272783279419
2019-05-21,44.761409759521484,119.90603637695312,3.848423957824707
2019-05-22,43.8450813293457,120.63359832763672,3.7774407863616943
2019-05-23,43.09666061401367,119.22571563720703,3.656325101852417
2019-05-24,42.93113327026367,119.28242492675781,3.6024677753448486
2019-05-28,42.75362014770508,119.20683288574219,3.557297945022583
2019-05-29,42.549720764160156,118.0540542602539,3.483088731765747
2019-05-30,42.770423889160156,118.80052947998047,3.45650315284729
2019-05-31,41.995609283447266,116.86351013183594,3.365809440612793
2019-06-03,41.571022033691406,113.23514556884766,3.324066400527954
2019-06-04,43.09185028076172,116.3721694946289,3.553158760070801
2019-06-05,43.787506103515625,118.89498901367188,3.5104212760925293
2019-06-06,44.43037414550781,120.77533721923828,3.5725393295288086
2019-06-07,45.61297607421875,124.15804290771484,3.615277051925659
2019-06-10,46.195892333984375,125.29190826416016,3.688079357147217
2019-06-11,46.73082733154297,124.81944274902344,3.745724678039551
2019-06-12,46.58209228515625,124.24307250976562,3.632669687271118
2019-06-13,46.572505950927734,125.02734375,3.6838555335998535
2019-06-14,46.23427200317383,125.15016174316406,3.5939080715179443
2019-06-17,46.51013946533203,125.5280990600586,3.6035985946655273
2019-06-18,47.6039924621582,127.7108383178711,3.798649311065674
2019-06-19,47.464847564697266,128.21160888671875,3.804612636566162
2019-06-20,47.84626007080078,129.40216064453125,3.828962802886963
2019-06-21,47.683135986328125,129.42098999023438,3.770819902420044
2019-06-24,47.63515853881836,130.1864013671875,3.793182373046875
2019-06-25,46.91313552856445,126.07615661621094,3.763862371444702
2019-06-26,47.92781066894531,126.548583984375,3.95717453956604
2019-06-27,47.91343307495117,126.75646209716797,4.055819511413574
2019-06-28,47.476837158203125,126.57698059082031,4.0806660652160645
2019-07-01,48.347591400146484,128.20213317871094,4.128869533538818
2019-07-02,48.63065719604492,129.05252075195312,4.030971050262451
2019-07-03,49.033660888671875,129.88401794433594,4.043891906738281
2019-07-05,48.9904670715332,129.50608825683594,3.981276750564575
2019-07-08,47.980587005615234,129.41159057617188,3.906238317489624
2019-07-09,48.27323532104492,128.93919372558594,3.9087228775024414
2019-07-10,48.75059127807617,130.25253295898438,3.977052927017212
2019-07-11,48.39558029174805,130.772216796875,4.1316022872924805
2019-07-12,48.76738357543945,131.24468994140625,4.164650917053223
2019-07-15,49.22555923461914,131.24468994140625,4.15620231628418
2019-07-16,49.05524444580078,129.52500915527344,4.1514811515808105
2019-07-17,48.77939224243164,128.7596893310547,4.216827869415283
2019-07-18,49.33350372314453,128.90138244628906,4.228507041931152
2019-07-19,48.59707260131836,129.0903778076172,4.185273170471191
2019-07-22,49.70771789550781,130.800537109375,4.256832599639893
2019-07-23,50.0963249206543,131.6132049560547,4.364670753479004
2019-07-24,50.0555419921875,132.96437072753906,4.439211368560791
2019-07-25,49.659732818603516,132.4635467529297,4.308016777038574
2019-07-26,49.83244705200195,133.55020141601562,4.350010871887207
2019-07-29,50.29781723022461,133.2572784423828,4.343798637390137
2019-07-30,50.08191680908203,132.61477661132812,4.359451770782471
2019-07-31,51.10380935668945,128.7596893310547,4.192229270935059
2019-08-01,49.99796676635742,130.4510040283203,4.097809314727783
2019-08-02,48.94010543823242,129.3548583984375,4.005130767822266
2019-08-05,46.378196716308594,124.92340850830078,3.746718645095825
2019-08-06,47.25614929199219,127.2667007446289,3.78548002243042
2019-08-07,47.745506286621094,127.8241958618164,3.823745012283325
2019-08-08,48.79856872558594,131.2352294921875,3.9323277473449707
2019-08-09,48.39645767211914,130.12020874023438,3.830950975418091
2019-08-12,48.27364730834961,128.3060302734375,3.763118028640747
2019-08-13,50.31795883178711,130.96121215820312,3.877415657043457
2019-08-14,48.82024383544922,127.01741790771484,3.7288284301757812
2019-08-15,48.57705307006836,126.73299407958984,3.6965277194976807
2019-08-16,49.723201751708984,129.0556640625,3.9646291732788086
2019-08-19,50.65025329589844,131.21717834472656,4.243415355682373
2019-08-20,50.65265655517578,130.12692260742188,4.1711106300354
2019-08-21,51.20166015625,131.5774383544922,4.254597187042236
2019-08-22,51.158321380615234,130.6199188232422,4.260809421539307
2019-08-23,48.79375076293945,126.4580307006836,4.03618860244751
2019-08-26,49.72080612182617,128.41099548339844,4.110980987548828
2019-08-27,49.159751892089844,128.68592834472656,4.020287036895752
2019-08-28,49.48963928222656,128.5153045654297,4.009840488433838
2019-08-29,50.32758712768555,130.94227600097656,4.153598785400391
2019-08-30,50.2625846862793,130.69578552246094,4.166285514831543
2019-09-03,49.530574798583984,128.97036743164062,4.083212852478027
2019-09-04,50.37092971801758,130.47772216796875,4.1973748207092285
2019-09-05,51.35576629638672,132.77197265625,4.470467567443848
2019-09-06,51.350948333740234,131.87132263183594,4.443357467651367
2019-09-09,51.57007598876953,130.37342834472656,4.4893693923950195
2019-09-10,52.17927169799805,129.00823974609375,4.556026935577393
2019-09-11,53.838321685791016,129.046142578125,4.584629058837891
2019-09-12,53.71792221069336,130.37342834472656,4.583137512207031
2019-09-13,52.67288589477539,130.183837890625,4.525186538696289
2019-09-16,52.949798583984375,129.24526977539062,4.482158184051514
2019-09-17,53.142417907714844,130.25021362304688,4.503547668457031
2019-09-18,53.640869140625,131.3214569091797,4.476436614990234
2019-09-19,53.20503616333008,133.73895263671875,4.400826454162598
2019-09-20,52.42728042602539,132.19366455078125,4.295121192932129
2019-09-23,52.66566467285156,131.9092559814453,4.348596096038818
2019-09-24,52.41523742675781,130.24070739746094,4.291140556335449
2019-09-25,53.221893310546875,132.1177978515625,4.4329118728637695
2019-09-26,52.9473876953125,132.2884521484375,4.4107747077941895
2019-09-27,52.689754486083984,130.57254028320312,4.271990776062012
2019-09-30,53.9298210144043,131.80496215820312,4.329443454742432
2019-10-01,54.07911682128906,129.94677734375,4.327703952789307
2019-10-02,52.72346115112305,127.65255737304688,4.303825855255127
2019-10-03,53.17132568359375,129.1978302001953,4.50951623916626
2019-10-04,54.66182327270508,130.94227600097656,4.525931358337402
2019-10-07,54.67384719848633,129.9942169189453,4.584629058837891
2019-10-08,54.033348083496094,128.61952209472656,4.4080400466918945
2019-10-09,54.6666259765625,131.0560302734375,4.494593143463135
2019-10-10,55.40345001220703,131.87132263183594,4.5522966384887695
2019-10-11,56.87709045410156,132.42117309570312,4.625916957855225
2019-10-14,56.79521179199219,132.2979278564453,4.639348030090332
2019-10-15,56.662776947021484,134.2129669189453,4.884087085723877
2019-10-16,56.43404006958008,133.1132354736328,4.830363750457764
2019-10-17,56.65315246582031,132.43067932128906,4.832354545593262
2019-10-18,56.92524719238281,130.2691650390625,4.737840175628662
2019-10-21,57.9124870300293,131.23609924316406,4.8751325607299805
2019-10-22,57.780059814453125,129.28321838378906,4.865185260772705
2019-10-23,58.55540466308594,130.10797119140625,4.852251052856445
2019-10-24,58.65171432495117,132.6676788330078,4.896274089813232
2019-10-25,59.37408447265625,133.41664123535156,5.087289810180664
2019-10-28,59.968841552734375,136.69679260253906,5.143253803253174
2019-10-29,58.58188247680664,135.40750122070312,5.046996116638184
2019-10-30,58.57465744018555,137.094970703125,5.048986911773682
2019-10-31,59.89901351928711,135.91943359375,4.999741077423096
2019-11-01,61.59899139404297,136.25120544433594,5.038790702819824
2019-11-04,62.003517150878906,137.03811645507812,5.235526084899902
2019-11-05,61.91442108154297,136.95277404785156,5.213390827178955
2019-11-06,61.94090270996094,136.57357788085938,5.164144515991211
2019-11-07,62.65578842163086,136.76316833496094,5.181802749633789
2019-11-08,62.82727813720703,138.37484741210938,5.167873859405518
2019-11-11,63.324790954589844,138.51702880859375,5.177823066711426
2019-11-12,63.26679992675781,139.42713928222656,5.213390827178955
2019-11-13,63.87301254272461,139.65467834472656,5.187523365020752
2019-11-14,63.43104553222656,140.36570739746094,5.21786642074585
2019-11-15,64.18455505371094,142.17642211914062,5.078585624694824
2019-11-18,64.5082015991211,142.52719116210938,5.279798984527588
2019-11-19,64.31257629394531,142.5745849609375,5.173096179962158
2019-11-20,63.563899993896484,142.32728576660156,5.252439975738525
2019-11-21,63.278900146484375,142.1941375732422,5.227565765380859
2019-11-22,63.22333526611328,142.29876708984375,5.2452263832092285
2019-11-25,64.33187866210938,143.8587646484375,5.5019025802612305
2019-11-26,63.829551696777344,144.61978149414062,5.397193908691406
2019-11-27,64.68690490722656,144.8957061767578,5.432039260864258
2019-11-29,64.54441833496094,144.0015106201172,5.394704341888428
2019-12-02,63.79815673828125,142.26068115234375,5.20827579498291
2019-12-03,62.6606330871582,142.0324249267578,5.168701648712158
2019-12-04,63.213687896728516,142.5460968017578,5.212507247924805
2019-12-05,64.14107513427734,142.6221466064453,5.195581436157227
2019-12-06,65.38005065917969,144.3534698486328,5.280956268310547
2019-12-09,64.46471405029297,143.9824676513672,5.280956268310547
2019-12-10,64.84148406982422,143.76368713378906,5.326006889343262
2019-12-11,65.39454650878906,144.30589294433594,5.409637451171875
2019-12-12,65.56117248535156,145.77081298828125,5.577147483825684
2019-12-13,66.45236206054688,146.9979705810547,5.57515811920166
2019-12-16,67.58988952636719,147.94921875,5.604029178619385
2019-12-17,67.72273254394531,147.15017700195312,5.682186126708984
2019-12-18,67.5609130859375,146.84573364257812,5.712552070617676
2019-12-19,67.62854766845703,148.1204376220703,5.860648155212402
2019-12-20,67.48847961425781,149.7375946044922,5.957970142364502
2019-12-23,68.58977508544922,149.7375946044922,5.944279193878174
2019-12-24,68.65499114990234,149.70901489257812,5.93930196762085
2019-12-26,70.01708984375,150.93618774414062,5.953488826751709
2019-12-27,69.99053955078125,151.2120361328125,5.8957438468933105
2019-12-30,70.40594482421875,149.90882873535156,5.782493591308594
2019-12-31,70.9203872680664,150.0134735107422,5.8566670417785645
2020-01-02,72.53852081298828,152.79110717773438,5.971409320831299
2020-01-03,71.83329772949219,150.8886260986328,5.875831604003906
2020-01-06,72.40567779541016,151.27859497070312,5.900472640991211
2020-01-07,72.06514739990234,149.89927673339844,5.971908092498779
2020-01-08,73.22440338134766,152.28695678710938,5.983107566833496
2020-01-09,74.77976989746094,154.18946838378906,6.048819065093994
2020-01-10,74.94879913330078,153.47601318359375,6.081175327301025
2020-01-13,76.55006408691406,155.3214569091797,6.271834850311279
2020-01-14,75.516357421875,154.22750854492188,6.154851913452148
2020-01-15,75.19275665283203,155.22633361816406,6.112288475036621
2020-01-16,76.13463592529297,158.07061767578125,6.195920467376709
2020-01-17,76.97753143310547,158.9552764892578,6.204629421234131
2020-01-21,76.45585632324219,158.384521484375,6.171278476715088
2020-01-22,76.728759765625,157.62353515625,6.225289821624756
2020-01-23,77.0982894897461,158.59385681152344,6.29373836517334
2020-01-24,76.8760757446289,156.9956817626953,6.234501361846924
2020-01-27,74.61552429199219,154.3702392578125,5.978628158569336
2020-01-28,76.72636413574219,157.39520263671875,6.172024726867676
2020-01-29,78.33242797851562,159.84945678710938,6.111542701721191
2020-01-30,78.21891021728516,164.35842895507812,6.118261337280273
2020-01-31,74.75077056884766,161.9327392578125,5.884792804718018
2020-02-03,74.5455093383789,165.8804473876953,5.981864929199219
2020-02-04,77.00651550292969,171.34066772460938,6.151117324829102
2020-02-05,77.63446044921875,171.1313934326172,6.241468906402588
2020-02-06,78.54251861572266,174.67958068847656,6.328334808349609
2020-02-07,77.47492980957031,174.92689514160156,6.262127876281738
2020-02-10,77.84288787841797,179.5024871826172,6.545378684997559
2020-02-11,77.37324523925781,175.4500732421875,6.667837142944336
2020-02-12,79.21070098876953,175.70697021484375,6.783577919006348
2020-02-13,78.6466293334961,174.75564575195312,6.739769458770752
2020-02-14,78.66600799560547,176.3157958984375,7.212934494018555
2020-02-18,77.22557830810547,178.10409545898438,7.381689071655273
2020-02-19,78.34402465820312,178.63827514648438,7.832949161529541
2020-02-20,77.5403060913086,175.91026306152344,7.68360710144043
2020-02-21,75.78516387939453,170.3492431640625,7.319462776184082
2020-02-24,72.18533325195312,163.00454711914062,6.801994800567627
2020-02-25,69.74027252197266,160.31471252441406,6.52247953414917
2020-02-26,70.84658813476562,162.3177947998047,6.661863803863525
2020-02-27,66.21548461914062,150.8810272216797,6.291027545928955
2020-02-28,66.17674255371094,154.5343475341797,6.726120471954346
2020-03-02,72.33786010742188,164.8168487548828,6.884514331817627
2020-03-03,70.04047393798828,156.9189453125,6.622016906738281
2020-03-04,73.28926086425781,162.6802215576172,7.085748195648193
2020-03-05,70.91197967529297,158.59771728515625,6.806313514709473
2020-03-06,69.97025299072266,154.11463928222656,6.625751495361328
2020-03-09,64.43616485595703,143.6698760986328,6.112706661224365
2020-03-10,69.07695007324219,153.49461364746094,6.50222110748291
2020-03-11,66.67789459228516,146.5409698486328,6.138359069824219
2020-03-12,60.093116760253906,132.64334106445312,5.387221813201904
2020-03-13,67.29277038574219,151.50100708007812,5.998142719268799
2020-03-16,58.635765075683594,129.17124938964844,4.891360282897949
2020-03-17,61.2139778137207,139.80673217773438,5.411130905151367
2020-03-18,59.7154655456543,133.92147827148438,5.051251411437988
2020-03-19,59.257930755615234,136.1248779296875,5.3040385246276855
2020-03-20,55.49589538574219,131.01220703125,5.124222755432129
2020-03-23,54.31694030761719,129.70542907714844,5.29706335067749
2020-03-24,59.76630401611328,141.49510192871094,6.205851078033447
2020-03-25,59.43706512451172,140.14060974121094,6.117190837860107
2020-03-26,62.5648307800293,148.9065704345703,6.406588077545166
2020-03-27,59.97450637817383,142.79234313964844,6.2942657470703125
2020-03-30,61.68605422973633,152.83641052246094,6.614543437957764
2020-03-31,61.56016540527344,150.43276977539062,6.564983367919922
2020-04-01,58.3210563659668,145.09112548828125,6.053682327270508
2020-04-02,59.294227600097656,148.0957794189453,6.3625054359436035
2020-04-03,58.44208908081055,146.73178100585938,6.074602127075195
2020-04-06,63.54043197631836,157.6438751220703,6.684528350830078
2020-04-07,62.80449676513672,155.94602966308594,6.45116662979126
2020-04-08,64.41194915771484,157.51036071777344,6.648415565490723
2020-04-09,64.87675476074219,157.5198974609375,6.548794269561768
2020-04-13,66.1501235961914,157.87278747558594,6.720641136169434
2020-04-14,69.49092864990234,165.68490600585938,7.071802139282227
2020-04-15,68.8566665649414,163.94888305664062,6.994346618652344
2020-04-16,69.40376281738281,168.87075805664062,7.339531898498535
2020-04-17,68.46202850341797,170.35882568359375,7.280258655548096
2020-04-20,67.04100799560547,166.9821319580078,7.149008274078369
2020-04-21,64.96873474121094,160.0762176513672,6.712172031402588
2020-04-22,66.84007263183594,165.51319885253906,7.126593589782715
2020-04-23,66.5810546875,163.5101318359375,7.073297023773193
2020-04-24,68.50320434570312,166.4956512451172,7.2122673988342285
2020-04-27,68.5516357421875,166.0187530517578,7.398806095123291
2020-04-28,67.4404296875,161.97439575195312,7.256349086761475
2020-04-29,69.6555404663086,169.24278259277344,7.433175086975098
2020-04-30,71.1250228881836,170.94065856933594,7.279261112213135
2020-05-01,69.97992706298828,166.51473999023438,7.042663097381592
2020-05-04,70.97005462646484,170.5876922607422,7.254605293273926
2020-05-05,72.03524780273438,172.41912841796875,7.315622806549072
2020-05-06,72.77845001220703,174.11700439453125,7.416488170623779
2020-05-07,73.5313491821289,175.12811279296875,7.592816352844238
2020-05-08,75.28150939941406,176.15823364257812,7.782842636108398
2020-05-11,76.4660873413086,178.1231689453125,8.034882545471191
2020-05-12,75.59222412109375,174.08839416503906,7.772881031036377
2020-05-13,74.67949676513672,171.4557342529297,7.750466346740723
2020-05-14,75.13829040527344,172.19973754882812,8.000014305114746
2020-05-15,74.69407653808594,174.7083740234375,8.458518028259277
2020-05-18,76.45394897460938,176.37759399414062,8.717031478881836
2020-05-19,76.0121841430664,175.1566925048828,8.772073745727539
2020-05-20,77.49047088623047,177.5862274169922,8.93595027923584
2020-05-21,76.9127426147461,175.45323181152344,8.741939544677734
2020-05-22,77.4079360961914,175.52976989746094,8.991983413696289
2020-05-26,76.88360595703125,173.67408752441406,8.68465518951416
2020-05-27,77.21856689453125,173.90365600585938,8.492887496948242
2020-05-28,77.25254821777344,173.51148986816406,8.45478343963623
2020-05-29,77.17733001708984,175.281005859375,8.84180736541748
2020-06-01,78.12642669677734,174.8792724609375,8.772820472717285
2020-06-02,78.48811340332031,176.8688201904297,8.791748046875
2020-06-03,78.92021942138672,177.2992706298828,8.73620891571045
2020-06-04,78.24054718017578,174.96542358398438,8.737204551696777
2020-06-05,80.4688949584961,179.05926513671875,8.890193939208984
2020-06-08,80.94465637207031,180.16883850097656,8.7755765914917
2020-06-09,83.500732421875,181.54623413085938,9.015772819519043
2020-06-10,85.64900970458984,188.28009033203125,9.33544921875
2020-06-11,81.53697204589844,178.1697235107422,8.766855239868164
2020-06-12,82.24090576171875,179.57579040527344,8.9026517868042
2020-06-15,83.25801849365234,180.72364807128906,9.143095016479492
2020-06-16,85.46452331542969,185.1522674560547,9.03819751739502
2020-06-17,85.34559631347656,185.79312133789062,9.2051362991333
2020-06-18,85.37956237792969,187.78268432617188,9.187198638916016
2020-06-19,84.89163970947266,186.66357421875,9.230303764343262
2020-06-22,87.11274719238281,191.8478546142578,9.494915962219238
2020-06-23,88.97213745117188,193.12957763671875,9.41842269897461
2020-06-24,87.401611328125,189.236572265625,9.204639434814453
2020-06-25,88.5619125366211,191.6278533935547,9.45828914642334
2020-06-26,85.84077453613281,187.79225158691406,9.124408721923828
2020-06-29,87.8191146850586,189.81045532226562,9.169258117675781
2020-06-30,88.55220031738281,194.66004943847656,9.466012001037598
2020-07-01,88.38468933105469,195.79824829101562,9.49815559387207
2020-07-02,88.38468933105469,197.29042053222656,9.580131530761719
2020-07-06,90.74903106689453,201.53738403320312,9.80637264251709
2020-07-07,90.4674301147461,199.19386291503906,9.838763236999512
2020-07-08,92.57442474365234,203.57470703125,10.181863784790039
2020-07-09,92.97254943847656,204.9999237060547,10.473881721496582
2020-07-10,93.1351547241211,204.37820434570312,10.444233894348145
2020-07-13,92.70549011230469,198.06521606445312,10.018658638000488
2020-07-14,94.23963928222656,199.28955078125,10.342324256896973
2020-07-15,94.88774871826172,198.9929962158203,10.193075180053711
2020-07-16,93.72017669677734,195.05215454101562,10.100882530212402
2020-07-17,93.53084564208984,194.05740356445312,10.167411804199219
2020-07-20,95.50191497802734,202.39822387695312,10.475626945495605
2020-07-21,94.18380737304688,199.67214965820312,10.293987274169922
2020-07-22,94.44839477539062,202.5416717529297,10.40386962890625
2020-07-23,90.1494369506836,193.73214721679688,10.095902442932129
2020-07-24,89.92610931396484,192.54611206054688,10.160432815551758
2020-07-27,92.0573959350586,194.98521423339844,10.386675834655762
2020-07-28,90.54510498046875,193.2347869873047,10.181365966796875
2020-07-29,92.28071594238281,195.1861114501953,10.43052864074707
2020-07-30,93.39734649658203,195.03298950195312,10.578534126281738
2020-07-31,103.17496490478516,196.09475708007812,10.579280853271484
2020-08-03,105.77472686767578,207.1233673095703,10.97346019744873
2020-08-04,106.4811019897461,204.01467895507812,11.190232276916504
2020-08-05,106.86708068847656,203.67991638183594,11.249035835266113
2020-08-06,110.5955810546875,206.94163513183594,11.297622680664062
2020-08-07,108.08110046386719,203.23992919921875,11.162077903747559
2020-08-10,109.65203857421875,199.19386291503906,11.127690315246582
2020-08-11,106.3910140991211,194.5356903076172,10.813746452331543
2020-08-12,109.92683410644531,200.09298706054688,11.402021408081055
2020-08-13,111.87226104736328,199.62428283691406,11.404763221740723
2020-08-14,111.7725830078125,199.81561279296875,11.525358200073242
2020-08-17,111.48075866699219,201.13558959960938,12.295775413513184
2020-08-18,112.40969848632812,202.29298400878906,12.219780921936035
2020-08-19,112.55074310302734,201.06568908691406,12.097938537597656
2020-08-20,115.04820251464844,205.74478149414062,12.100430488586426
2020-08-21,120.9769058227539,204.24900817871094,12.641117095947266
2020-08-24,122.42383575439453,204.89138793945312,12.677746772766113
2020-08-25,121.41950225830078,207.55690002441406,12.70739459991455
2020-08-26,123.07066345214844,212.04420471191406,12.73031997680664
2020-08-27,121.59944152832031,217.25067138671875,12.586052894592285
2020-08-28,121.40247344970703,219.4846954345703,13.103816032409668
2020-08-31,125.51947021484375,216.2438507080078,13.329812049865723
2020-09-01,130.51925659179688,217.9122314453125,13.778935432434082
2020-09-02,127.81510925292969,222.11187744140625,14.302838325500488
2020-09-03,117.58211517333984,208.35276794433594,12.97589111328125
2020-09-04,117.65995025634766,205.42832946777344,12.584085464477539
2020-09-08,109.74201965332031,194.31552124023438,11.876745223999023
2020-09-09,114.11924743652344,202.59022521972656,12.676305770874023
2020-09-10,110.39373779296875,196.91395568847656,12.27428150177002
2020-09-11,108.94439697265625,195.62913513183594,12.127480506896973
2020-09-14,112.21272277832031,196.95233154296875,12.833074569702148
2020-09-15,112.38780975341797,200.1835479736328,12.951464653015137
2020-09-16,109.07084655761719,196.60716247558594,12.47641372680664
2020-09-17,107.32967376708984,194.55526733398438,12.425568580627441
2020-09-18,103.92516326904297,192.1390380859375,12.152153968811035
2020-09-21,107.07677459716797,194.20045471191406,12.479157447814941
2020-09-22,108.75957489013672,198.87957763671875,12.599288940429688
2020-09-23,104.19752502441406,192.3307647705078,12.08685302734375
2020-09-24,105.26750946044922,194.82371520996094,12.310420036315918
2020-09-25,109.21674346923828,199.26309204101562,12.834571838378906
2020-09-28,111.82365417480469,200.81640625,12.995329856872559
2020-09-29,110.97737121582031,198.7261505126953,13.185500144958496
2020-09-30,112.65044403076172,201.6697540283203,13.489319801330566
2020-10-01,113.60372161865234,203.71205139160156,13.573065757751465
2020-10-02,109.93656921386719,197.70021057128906,13.02249813079834
2020-10-05,113.32160186767578,201.7176971435547,13.600983619689941
2020-10-06,110.07273864746094,197.43174743652344,13.694693565368652
2020-10-07,111.94035339355469,201.19033813476562,13.921504020690918
2020-10-08,111.83338165283203,201.90945434570312,13.79663372039795
2020-10-09,113.77880096435547,206.92410278320312,13.720864295959473
2020-10-12,121.00609588623047,212.28395080566406,14.18270492553711
2020-10-13,117.79612731933594,213.683837890625,14.204888343811035
2020-10-14,117.8836898803711,211.76617431640625,14.052353858947754
2020-10-15,117.4167709350586,210.61558532714844,13.927484512329102
2020-10-16,115.77286529541016,210.61558532714844,13.769465446472168
2020-10-19,112.8158187866211,205.3996124267578,13.456672668457031
2020-10-20,114.30406951904297,205.81185913085938,13.603971481323242
2020-10-21,113.68153381347656,205.95571899414062,13.483589172363281
2020-10-22,112.59209442138672,206.04202270507812,13.32033920288086
2020-10-23,111.9014663696289,207.3268280029297,13.54888916015625
2020-10-26,111.91119384765625,201.4300537109375,13.10125732421875
2020-10-27,113.41889953613281,204.46951293945312,13.355979919433594
2020-10-28,108.16622161865234,194.33470153808594,12.58857250213623
2020-10-29,112.1738052368164,196.29074096679688,12.984363555908203
2020-10-30,105.89002990722656,194.1333770751953,12.495855331420898
2020-11-02,105.80252075195312,193.9991455078125,12.542464256286621
2020-11-03,107.42694854736328,197.93031311035156,12.979878425598145
2020-11-04,111.81390380859375,207.48023986816406,13.752267837524414
2020-11-05,115.78258514404297,214.09613037109375,14.116907119750977
2020-11-06,115.65103912353516,214.5084228515625,14.517683982849121
2020-11-09,113.34172821044922,209.39785766601562,13.58926773071289
2020-11-10,113.0007095336914,202.32171630859375,12.73114013671875
2020-11-11,116.4305648803711,207.6336212158203,13.377164840698242
2020-11-12,116.15775299072266,206.56935119628906,13.41579818725586
2020-11-13,116.20647430419922,207.5952911376953,13.256532669067383
2020-11-16,117.21983337402344,208.28561401367188,13.474120140075684
2020-11-17,116.33313751220703,205.6297149658203,13.381400108337402
2020-11-18,115.00794982910156,202.91871643066406,13.387882232666016
2020-11-19,115.60234832763672,204.20689392089844,13.399347305297852
2020-11-20,114.33561706542969,202.2554168701172,13.047919273376465
2020-11-23,110.93498992919922,201.98622131347656,13.10001277923584
2020-11-24,112.2211685180664,205.59127807617188,12.918317794799805
2020-11-25,113.05916595458984,205.60084533691406,13.194475173950195
2020-11-27,113.60482788085938,206.9082489013672,13.220891952514648
2020-11-30,116.00183868408203,205.7931365966797,13.360715866088867
2020-12-01,119.577880859375,207.8503875732422,13.349248886108398
2020-12-02,119.92865753173828,207.04286193847656,13.503278732299805
2020-12-03,119.79224395751953,205.95657348632812,13.359176635742188
2020-12-04,119.11991882324219,206.07192993164062,13.520981788635254
2020-12-07,120.58148193359375,206.0045928955078,13.569347381591797
2020-12-08,121.19537353515625,207.65811157226562,13.31330394744873
2020-12-09,118.66194152832031,203.61087036132812,12.8952054977417
2020-12-10,120.08455657958984,202.38038635253906,12.936592102050781
2020-12-11,119.27581787109375,205.0144500732422,12.977478981018066
2020-12-14,118.66194152832031,205.91807556152344,13.272168159484863
2020-12-15,124.60575103759766,205.850830078125,13.323775291442871
2020-12-16,124.53755187988281,210.8016815185547,13.206099510192871
2020-12-17,125.40475463867188,210.93629455566406,13.30457878112793
2020-12-18,123.4169921875,210.1383514404297,13.235519409179688
2020-12-21,124.94679260253906,213.98367309570312,13.295602798461914
2020-12-22,128.50332641601562,215.28150939941406,13.241751670837402
2020-12-23,127.6069107055664,212.4744110107422,12.973489761352539
2020-12-24,128.59103393554688,214.13754272460938,12.95803165435791
2020-12-28,133.19015502929688,216.2620849609375,12.864540100097656
2020-12-29,131.4167938232422,215.48338317871094,12.907672882080078
2020-12-30,130.2962188720703,213.10887145996094,13.109615325927734
2020-12-31,129.29257202148438,213.82028198242188,13.01911449432373
2021-01-04,126.09658813476562,209.2731475830078,13.0774507522583
2021-01-05,127.65560913085938,209.4750213623047,13.367900848388672
2021-01-06,123.35851287841797,204.04347229003906,12.579826354980469
2021-01-07,127.5678939819336,209.84991455078125,13.307319641113281
2021-01-08,128.66900634765625,211.1285400390625,13.240254402160645
2021-01-11,125.67758178710938,209.0808868408203,13.584057807922363
2021-01-12,125.502197265625,206.61985778808594,13.447685241699219
2021-01-13,127.5386962890625,207.9753875732422,13.494553565979004
2021-01-14,125.60940551757812,204.78375244140625,13.16396427154541
2021-01-15,123.88469696044922,204.4280242919922,12.824151039123535
2021-01-19,124.55705261230469,208.07150268554688,12.989445686340332
2021-01-20,128.64950561523438,215.66603088378906,13.329012870788574
2021-01-21,133.36558532714844,216.2716827392578,13.829380989074707
2021-01-22,135.5092315673828,217.21376037597656,13.674806594848633
2021-01-25,139.26068115234375,220.6553497314453,13.61571979522705
2021-01-26,139.49453735351562,223.3471221923828,13.39831829071045
2021-01-27,138.4226837158203,223.89508056640625,12.882241249084473
2021-01-28,133.57992553710938,229.69192504882812,13.015128135681152
2021-01-29,128.581298828125,222.991455078125,12.954044342041016
2021-02-01,130.70547485351562,230.38406372070312,13.200614929199219
2021-02-02,131.53372192382812,230.24949645996094,13.519484519958496
2021-02-03,130.51058959960938,233.6045379638672,13.493306159973145
2021-02-04,133.8722686767578,232.65281677246094,13.626688957214355
2021-02-05,133.45748901367188,232.8354949951172,13.553641319274902
2021-02-08,133.60389709472656,233.0950469970703,14.399060249328613
2021-02-09,132.72564697265625,234.34478759765625,14.224043846130371
2021-02-10,132.12062072753906,233.43153381347656,14.723666191101074
2021-02-11,131.86688232421875,235.03695678710938,15.208828926086426
2021-02-12,132.10107421875,235.51763916015625,14.920125007629395
2021-02-16,129.97373962402344,234.27749633789062,15.288110733032227
2021-02-17,127.68050384521484,235.29888916015625,14.86502742767334
2021-02-18,126.57779693603516,234.9037628173828,14.788238525390625
2021-02-19,126.73390197753906,232.18661499023438,14.885470390319824
2021-02-22,122.95735931396484,225.9620361328125,14.316289901733398
2021-02-23,122.82073211669922,224.76724243164062,14.103124618530273
2021-02-24,122.32305145263672,226.00062561035156,14.459144592285156
2021-02-25,118.06834411621094,220.64328002929688,13.270919799804688
2021-02-26,118.33183288574219,223.90968322753906,13.676802635192871
2021-03-01,124.70413208007812,228.30348205566406,13.803703308105469
2021-03-02,122.09860229492188,225.34535217285156,13.369397163391113
2021-03-03,119.11248016357422,219.265380859375,12.769553184509277
2021-03-04,117.2291030883789,218.4656524658203,12.3362455368042
2021-03-05,118.48795318603516,223.15814208984375,12.427247047424316
2021-03-08,113.55014038085938,219.10159301757812,11.561383247375488
2021-03-09,118.1659164428711,225.25868225097656,12.490144729614258
2021-03-10,117.08273315429688,223.94825744628906,12.43826961517334
2021-03-11,119.0149154663086,228.486572265625,12.962254524230957
2021-03-12,118.10737609863281,227.1568603515625,12.825088500976562
2021-03-15,120.99588012695312,226.2510986328125,13.15953254699707
2021-03-16,122.53773498535156,229.04542541503906,13.259289741516113
2021-03-17,121.74729919433594,228.39988708496094,13.309170722961426
2021-03-18,117.61945343017578,222.3102264404297,12.691905975341797
2021-03-19,117.09249877929688,221.9537353515625,12.814861297607422
2021-03-22,120.41036987304688,227.3881072998047,13.154544830322266
2021-03-23,119.58090209960938,228.92015075683594,13.039319038391113
2021-03-24,117.19007110595703,226.87742614746094,12.612597465515137
2021-03-25,117.67799377441406,223.87115478515625,12.505109786987305
2021-03-26,118.28302001953125,227.86026000976562,12.808377265930176
2021-03-29,118.45868682861328,226.66543579101562,12.917115211486816
2021-03-30,117.00465393066406,223.3990478515625,12.840799331665039
2021-03-31,119.20033264160156,227.17613220214844,13.316154479980469
2021-04-01,120.02979278564453,233.51629638671875,13.77854061126709
2021-04-05,122.85977172851562,239.99136352539062,13.953865051269531
2021-04-06,123.16226959228516,238.82542419433594,13.828170776367188
2021-04-07,124.81146240234375,240.79110717773438,14.109492301940918
2021-04-08,127.2120361328125,244.01895141601562,14.282575607299805
2021-04-09,129.78829956054688,246.52423095703125,14.365374565124512
2021-04-12,128.0708465576172,246.58204650878906,15.1724271774292
2021-04-13,131.1837615966797,249.0679473876953,15.64179801940918
2021-04-14,128.8417510986328,246.27371215820312,15.240264892578125
2021-04-15,131.2521209716797,250.0411834716797,16.09844970703125
2021-04-16,130.9203338623047,251.23594665527344,15.874238967895508
2021-04-19,131.58389282226562,249.30886840820312,15.324811935424805
2021-04-20,129.89564514160156,248.8463897705078,15.134771347045898
2021-04-21,130.27626037597656,251.0818328857422,15.323565483093262
2021-04-22,128.75389099121094,247.79611206054688,14.814542770385742
2021-04-23,131.07644653320312,251.63107299804688,15.228545188903809
2021-04-26,131.46678161621094,252.01644897460938,15.44078254699707
2021-04-27,131.14479064941406,252.42115783691406,15.34476089477539
2021-04-28,130.35433959960938,245.2812042236328,15.24001407623291
2021-04-29,130.2567138671875,243.3059539794922,15.287901878356934
2021-04-30,128.28550720214844,242.98800659179688,14.973407745361328
2021-05-03,129.33941650390625,242.67962646484375,14.801074981689453
2021-05-04,124.7626724243164,238.75799560546875,14.316741943359375
2021-05-05,125.00666046142578,237.4861297607422,14.423733711242676
2021-05-06,126.60704040527344,240.6272735595703,14.488078117370605
2021-05-07,127.28152465820312,243.2577667236328,14.776631355285645
2021-05-10,123.9970932006836,238.17027282714844,14.2314453125
2021-05-11,123.0782470703125,237.25486755371094,14.271851539611816
2021-05-12,120.00886535644531,230.28839111328125,13.72541618347168
2021-05-13,122.15937042236328,234.17147827148438,13.632391929626465
2021-05-14,124.58361053466797,239.10488891601562,14.20875072479248
2021-05-17,123.43012237548828,236.2431182861328,14.131440162658691
2021-05-18,122.04206848144531,234.2196807861328,13.982048988342285
2021-05-19,121.88565826416016,234.7991180419922,14.031928062438965
2021-05-20,124.44674682617188,238.0441436767578,14.577362060546875
2021-05-21,122.60901641845703,236.7789764404297,14.95570182800293
2021-05-24,124.2414779663086,242.19700622558594,15.57446002960205
2021-05-25,124.04595947265625,243.10482788085938,15.610125541687012
2021-05-26,123.9970932006836,242.88272094726562,15.662248611450195
2021-05-27,122.46240997314453,240.7772979736328,15.45075798034668
2021-05-28,121.80745697021484,241.13461303710938,16.205440521240234
2021-06-01,121.4848861694336,238.93263244628906,16.22538948059082
2021-06-02,122.24734497070312,238.8361358642578,16.73790168762207
2021-06-03,120.76154327392578,237.3004913330078,16.92894172668457
2021-06-04,123.05867767333984,242.20660400390625,17.53598403930664
2021-06-07,123.06845092773438,245.12330627441406,17.57663345336914
2021-06-08,123.88956451416016,243.92575073242188,17.415027618408203
2021-06-09,124.27078247070312,244.9108123779297,17.320478439331055
2021-06-10,123.27371215820312,248.4358673095703,17.387086868286133
2021-06-11,124.48582458496094,249.06369018554688,17.786462783813477
2021-06-14,127.54546356201172,250.99517822265625,17.979541778564453
2021-06-15,126.72434997558594,249.5175018310547,17.749794006347656
2021-06-16,127.22286224365234,248.57110595703125,17.771495819091797
2021-06-17,128.82598876953125,251.97064208984375,18.61665153503418
2021-06-18,127.52590942382812,250.55093383789062,18.59819221496582
2021-06-21,129.32455444335938,253.6414337158203,18.38715362548828
2021-06-22,130.9667510986328,256.4228515625,18.845653533935547
2021-06-23,130.69305419921875,256.1910705566406,19.015779495239258
2021-06-24,130.40953063964844,257.5624694824219,19.163711547851562
2021-06-25,130.1162872314453,255.9496307373047,18.989587783813477
2021-06-28,131.7487335205078,259.52294921875,19.941511154174805
2021-06-29,133.26388549804688,262.11126708984375,19.983173370361328
2021-06-30,133.87974548339844,261.6283264160156,19.958982467651367
2021-07-01,134.18275451660156,262.304443359375,20.168014526367188
2021-07-02,136.812255859375,268.1473388671875,20.442420959472656
2021-07-06,138.825927734375,268.1570129394531,20.653459548950195
2021-07-07,141.31857299804688,270.3492736816406,20.327423095703125
2021-07-08,140.01849365234375,267.9252624511719,19.85944175720215
2021-07-09,141.84640502929688,268.4274597167969,20.006616592407227
2021-07-12,141.25013732910156,267.8286437988281,20.467863082885742
2021-07-13,142.364501953125,271.3634033203125,20.2059383392334
2021-07-14,145.79554748535156,272.84100341796875,19.798322677612305
2021-07-15,145.14060974121094,271.41168212890625,18.924978256225586
2021-07-16,143.0975799560547,271.1412353515625,18.121482849121094
2021-07-19,139.24624633789062,267.52923583984375,18.738889694213867
2021-07-20,142.86300659179688,269.76025390625,18.571502685546875
2021-07-21,142.12989807128906,271.7689514160156,19.36776351928711
2021-07-22,143.49839782714844,276.3467712402344,19.551366806030273
2021-07-23,145.21878051757812,279.7559509277344,19.51544189453125
2021-07-26,145.63914489746094,279.1571350097656,19.252016067504883
2021-07-27,143.4690704345703,276.733154296875,19.166200637817383
2021-07-28,141.71934509277344,276.4240417480469,19.46056365966797
2021-07-29,142.364501953125,276.6944274902344,19.61921501159668
2021-07-30,142.5795440673828,275.1588439941406,19.456567764282227
2021-08-02,142.24720764160156,275.0719909667969,19.707021713256836
2021-08-03,144.0457763671875,277.2932434082031,19.77188491821289
2021-08-04,143.64501953125,276.7041320800781,20.229883193969727
2021-08-05,143.7525634765625,279.6110534667969,20.592092514038086
2021-08-06,143.06727600097656,279.5531921386719,20.32168197631836
2021-08-09,143.01832580566406,278.46173095703125,20.250837326049805
2021-08-10,142.53863525390625,276.6365051269531,19.892621994018555
2021-08-11,142.79318237304688,277.1290283203125,19.656137466430664
2021-08-12,145.75946044921875,279.89117431640625,19.861690521240234
2021-08-13,145.96502685546875,282.8271484375,20.144067764282227
2021-08-16,147.9425506591797,284.51715087890625,19.906591415405273
2021-08-17,147.0321044921875,283.0491943359375,19.415664672851562
2021-08-18,143.2826690673828,281.3171691894531,18.99856948852539
2021-08-19,143.61544799804688,287.1616516113281,19.754920959472656
2021-08-20,145.07420349121094,294.505859375,20.77070426940918
2021-08-23,146.56224060058594,294.7864990234375,21.910221099853516
2021-08-24,146.47410583496094,292.8222351074219,21.74557876586914
2021-08-25,145.24058532714844,292.23199462890625,22.164663314819336
2021-08-26,144.4378204345703,289.4065856933594,22.01997947692871
2021-08-27,145.4755859375,290.0162048339844,22.58674430847168
2021-08-30,149.90049743652344,293.76080322265625,22.63863182067871
2021-08-31,148.6376495361328,292.1062316894531,22.340234756469727
2021-09-01,149.30335998535156,292.0578308105469,22.3961181640625
2021-09-02,150.41934204101562,291.3998107910156,22.351205825805664
2021-09-03,151.05569458007812,291.39019775390625,22.797317504882812
2021-09-07,153.39547729492188,290.4612121582031,22.616680145263672
2021-09-08,151.8486785888672,290.49029541015625,22.294322967529297
2021-09-09,150.83059692382812,287.6261901855469,22.13264274597168
2021-09-10,145.8377685546875,286.1359558105469,22.43304443359375
2021-09-13,146.4055633544922,287.37445068359375,22.107696533203125
2021-09-14,145.00567626953125,290.08392333984375,22.19751739501953
2021-09-15,145.89651489257812,294.9510498046875,22.29631805419922
2021-09-16,145.6615447998047,295.3380432128906,22.19751739501953
2021-09-17,142.9889678955078,290.1612548828125,21.8561954498291
2021-09-20,139.93458557128906,284.77166748046875,21.070775985717773
2021-09-21,140.41424560546875,285.2554016113281,21.20351219177246
2021-09-22,142.78338623046875,288.9130859375,21.897117614746094
2021-09-23,143.74276733398438,289.8612976074219,22.437034606933594
2021-09-24,143.8308868408203,289.6581726074219,22.03683853149414
2021-09-27,142.31346130371094,284.6458740234375,21.61667823791504
2021-09-28,138.92623901367188,274.3406982421875,20.657602310180664
2021-09-29,139.8268585205078,274.80511474609375,20.475963592529297
2021-09-30,138.52484130859375,272.7925109863281,20.674564361572266
2021-10-01,139.65066528320312,279.73992919921875,20.70051383972168
2021-10-04,136.21449279785156,273.94390869140625,19.692541122436523
2021-10-05,138.14303588867188,279.4110107421875,20.41010093688965
2021-10-06,139.0143280029297,283.6201477050781,20.658601760864258
2021-10-07,140.27720642089844,285.3038330078125,21.03285026550293
2021-10-08,139.8953857421875,285.3038330078125,20.789337158203125
2021-10-11,139.80728149414062,284.703857421875,20.653610229492188
2021-10-12,138.53466796875,283.3975830078125,20.629661560058594
2021-10-13,137.947265625,286.716552734375,20.897127151489258
2021-10-14,140.73728942871094,292.9481201171875,21.70250701904297
2021-10-15,141.7946014404297,294.36077880859375,21.81827163696289
2021-10-18,143.46865844726562,297.341064453125,22.17755699157715
2021-10-19,145.63217163085938,298.2506103515625,22.24542236328125
2021-10-20,146.12168884277344,297.4571533203125,22.058799743652344
2021-10-21,146.33706665039062,300.6986999511719,22.64661407470703
2021-10-22,145.56365966796875,299.1505126953125,22.680545806884766
2021-10-25,145.5147247314453,298.15386962890625,23.11966896057129
2021-10-26,146.18040466308594,300.06982421875,24.66756248474121
2021-10-27,145.7203369140625,312.7069396972656,24.402095794677734
2021-10-28,149.36209106445312,313.84869384765625,24.891117095947266
2021-10-29,146.6503448486328,320.8833312988281,25.515867233276367
2021-11-01,145.8280029296875,318.7061767578125,25.775341033935547
2021-11-02,146.86569213867188,322.344482421875,26.34819793701172
2021-11-03,148.30482482910156,323.1862487792969,26.5448055267334
2021-11-04,147.78598022460938,325.5472717285156,29.741397857666016
2021-11-05,148.3153533935547,325.1795654296875,29.6924991607666
2021-11-08,147.4918212890625,326.0794677734375,30.74239158630371
2021-11-09,147.8545379638672,325.0731201171875,30.595685958862305
2021-11-10,145.0211944580078,320.08990478515625,29.40007972717285
2021-11-11,144.97216796875,321.6671447753906,30.329219818115234
2021-11-12,147.05064392089844,325.8182067871094,30.329219818115234
2021-11-15,147.0604248046875,325.18927001953125,29.964950561523438
2021-11-16,148.0408172607422,328.51788330078125,30.14259147644043
2021-11-17,150.4820556640625,328.74078369140625,29.202478408813477
2021-11-18,154.7761993408203,330.8249816894531,31.611650466918945
2021-11-19,157.4036865234375,332.6086730957031,32.91902542114258
2021-11-22,157.86447143554688,329.4291076660156,31.89208984375
2021-11-23,158.24684143066406,327.34490966796875,31.68250846862793
2021-11-24,158.7664337158203,327.5679016113281,32.60865783691406
2021-11-26,153.73699951171875,319.58978271484375,31.439992904663086
2021-11-29,157.0997772216797,326.3270568847656,33.309242248535156
2021-11-30,162.06063842773438,320.471923828125,32.61064910888672
2021-12-01,161.54100036621094,319.9775390625,31.37596893310547
2021-12-02,160.55079650878906,319.4056091308594,32.065673828125
2021-12-03,158.66842651367188,313.1239318847656,30.635364532470703
2021-12-06,162.0802001953125,316.20660400390625,29.980592727661133
2021-12-07,167.82537841796875,324.6694030761719,32.36610794067383
2021-12-08,171.64894104003906,324.7178649902344,31.766239166259766
2021-12-09,171.13912963867188,322.9051208496094,30.43274688720703
2021-12-10,175.9333038330078,332.0562438964844,30.141292572021484
2021-12-13,172.29598999023438,329.01226806640625,28.10811996459961
2021-12-14,170.91363525390625,318.2908020019531,28.283790588378906
2021-12-15,175.7862548828125,324.4076843261719,30.401803970336914
2021-12-16,168.88418579101562,314.95611572265625,28.333694458007812
2021-12-17,167.78614807128906,313.88970947265625,27.748794555664062
2021-12-20,166.42340087890625,310.1188049316406,27.666950225830078
2021-12-21,169.59991455078125,317.27288818359375,29.020404815673828
2021-12-22,172.19796752929688,323.0019836425781,29.344791412353516
2021-12-23,172.82542419433594,324.44647216796875,29.584341049194336
2021-12-27,176.79605102539062,331.9689636230469,30.886892318725586
2021-12-28,175.77642822265625,330.8056945800781,30.265060424804688
2021-12-29,175.8646697998047,331.4842224121094,29.944665908813477
2021-12-30,174.7078094482422,328.9347229003906,29.530445098876953
2021-12-31,174.0901336669922,326.0265197753906,29.355772018432617
2022-01-03,178.44314575195312,324.50457763671875,30.06443977355957
2022-01-04,176.1784210205078,318.9403076171875,29.234996795654297
2022-01-05,171.4921112060547,306.6968078613281,27.55216407775879
2022-01-06,168.62928771972656,304.2732849121094,28.12508773803711
2022-01-07,168.79595947265625,304.428466796875,27.195838928222656
2022-01-10,168.8156280517578,304.65142822265625,27.348548889160156
2022-01-11,171.64894104003906,305.3397216796875,27.764766693115234
2022-01-12,172.09010314941406,308.5289611816406,27.946420669555664
2022-01-13,168.8156280517578,295.4713134765625,26.525100708007812
2022-01-14,169.6783447265625,300.7059326171875,26.891408920288086
2022-01-18,166.47239685058594,293.3871154785156,25.854358673095703
2022-01-19,162.9723663330078,294.04620361328125,25.019926071166992
2022-01-20,161.28610229492188,292.3692321777344,24.104652404785156
2022-01-21,159.2272491455078,286.9696960449219,23.330106735229492
2022-01-24,158.4527130126953,287.2992248535156,23.328107833862305
2022-01-25,156.64877319335938,279.6604309082031,22.28207778930664
2022-01-26,156.56056213378906,287.62884521484375,22.729238510131836
2022-01-27,156.0997772216797,290.6630859375,21.90279197692871
2022-01-28,166.99203491210938,298.8253173828125,22.797109603881836
2022-01-31,171.35476684570312,301.462158203125,24.44002342224121
2022-02-01,171.18814086914062,299.3100280761719,24.591733932495117
2022-02-02,172.39402770996094,303.8662109375,25.194602966308594
2022-02-03,169.51165771484375,292.0299377441406,23.903034210205078
2022-02-04,169.2270050048828,296.57635498046875,24.27333641052246
2022-02-07,168.5103759765625,291.7391052246094,24.681564331054688
2022-02-08,171.62225341796875,295.2386169433594,25.060848236083984
2022-02-09,173.0456085205078,301.68505859375,26.654855728149414
2022-02-10,168.9619598388672,293.1253662109375,25.775508880615234
2022-02-11,165.54579162597656,286.0099792480469,23.904027938842773
2022-02-14,165.78138732910156,285.97119140625,24.221431732177734
2022-02-15,169.61964416503906,291.2738342285156,26.445249557495117
2022-02-16,169.384033203125,290.9338073730469,26.46121597290039
2022-02-17,165.78138732910156,282.41461181640625,24.460983276367188
2022-02-18,164.23036193847656,279.6947326660156,23.597604751586914
2022-02-22,161.3050537109375,279.4906921386719,23.346078872680664
2022-02-23,157.133056640625,272.2538146972656,22.344961166381836
2022-02-24,159.75404357910156,286.16424560546875,23.703407287597656
2022-02-25,161.82534790039062,288.8064270019531,24.11163902282715
2022-02-28,162.0903778076172,290.244140625,24.339210510253906
2022-03-01,160.2056121826172,286.513916015625,23.43291664123535
2022-03-02,163.50393676757812,291.60406494140625,24.178634643554688
2022-03-03,163.17999267578125,287.4562072753906,23.673505783081055
2022-03-04,160.1761474609375,281.5694885253906,22.896833419799805
2022-03-07,156.377197265625,270.9327087402344,21.31553840637207
2022-03-08,154.55130004882812,267.96026611328125,21.477264404296875
2022-03-09,159.960205078125,280.2484130859375,22.974695205688477
2022-03-10,155.61146545410156,277.4216613769531,22.61931037902832
2022-03-11,151.89102172851562,272.0595397949219,22.06226348876953
2022-03-14,147.85641479492188,268.5334167480469,21.293575286865234
2022-03-15,152.2444305419922,278.9370422363281,22.93376922607422
2022-03-16,156.66183471679688,285.9699401855469,24.454166412353516
2022-03-17,157.67291259765625,286.7761535644531,24.723711013793945
2022-03-18,160.97125244140625,291.83721923828125,26.40782356262207
2022-03-21,162.34561157226562,290.603515625,26.688344955444336
2022-03-22,165.72251892089844,295.36334228515625,26.47870445251465
2022-03-23,167.08700561523438,290.92413330078125,25.59022331237793
2022-03-24,170.8761749267578,295.40228271484375,28.101924896240234
2022-03-25,171.5142822265625,294.99420166015625,27.64470863342285
2022-03-28,172.3780975341797,301.81341552734375,28.170808792114258
2022-03-29,175.67648315429688,306.3887634277344,28.6070613861084
2022-03-30,174.50828552246094,304.8830871582031,27.642711639404297
2022-03-31,171.40625,299.4917907714844,27.23940658569336
2022-04-01,171.1117706298828,300.5700988769531,26.666379928588867
2022-04-04,175.16600036621094,305.9613952636719,27.31328010559082
2022-04-05,171.84800720214844,301.98834228515625,25.886714935302734
2022-04-06,168.67727661132812,290.9338073730469,24.365320205688477
2022-04-07,168.98155212402344,292.7503356933594,24.166658401489258
2022-04-08,166.9691619873047,288.4761047363281,23.079519271850586
2022-04-11,162.70880126953125,277.10107421875,21.87957191467285
2022-04-12,164.5837860107422,273.9925537109375,21.467273712158203
2022-04-13,167.2734832763672,279.3935546875,22.16507911682129
2022-04-14,162.25726318359375,271.82635498046875,21.221696853637695
2022-04-18,162.04129028320312,272.4967041015625,21.745800018310547
2022-04-19,164.32855224609375,277.1398620605469,22.160093307495117
2022-04-20,164.16165161132812,278.1696472167969,21.445314407348633
2022-04-21,163.3665008544922,272.77838134765625,20.148530960083008
2022-04-22,158.82147216796875,266.1922607421875,19.481674194335938
2022-04-25,159.8914794921875,272.69097900390625,19.868009567260742
2022-04-26,153.92303466796875,262.4912109375,18.75591468811035
2022-04-27,153.69732666015625,275.11944580078125,18.38355255126953
2022-04-28,160.6375732421875,281.34613037109375,19.748218536376953
2022-04-29,154.75743103027344,269.5823974609375,18.515329360961914
2022-05-02,155.061767578125,276.3336181640625,19.499643325805664
2022-05-03,156.55386352539062,273.7206115722656,19.568525314331055
2022-05-04,162.97386169433594,281.68609619140625,20.29927635192871
2022-05-05,153.89361572265625,269.41729736328125,18.811819076538086
2022-05-06,154.62107849121094,266.8722229003906,18.643110275268555
2022-05-09,149.4893341064453,257.0125427246094,16.921056747436523
2022-05-10,151.8978729248047,261.79180908203125,17.56494903564453
2022-05-11,144.02328491210938,253.09779357910156,16.601600646972656
2022-05-12,140.14993286132812,248.0465545654297,16.14737892150879
2022-05-13,144.6230010986328,253.65158081054688,17.67576026916504
2022-05-16,143.0795440673828,254.0207061767578,17.23451805114746
2022-05-17,146.7169647216797,259.1884460449219,18.14596176147461
2022-05-18,138.43936157226562,247.3877410888672,16.909074783325195
2022-05-19,135.0279998779297,246.4724884033203,17.094755172729492
2022-05-20,135.26394653320312,245.90777587890625,16.665491104125977
2022-05-23,140.69064331054688,253.78465270996094,16.869142532348633
2022-05-24,137.98715209960938,252.7818145751953,16.12641716003418
2022-05-25,138.14442443847656,255.6053924560547,16.946014404296875
2022-05-26,141.34930419921875,258.8963928222656,17.820518493652344
2022-05-27,147.1102294921875,266.0430908203125,18.778879165649414
2022-05-31,146.32374572753906,264.7091064453125,18.64011573791504
2022-06-01,146.1959228515625,265.24462890625,18.288713455200195
2022-06-02,148.65370178222656,267.3478088378906,19.558542251586914
2022-06-03,142.92227172851562,262.90789794921875,18.688030242919922
2022-06-06,143.66941833496094,261.67132568359375,18.753917694091797
2022-06-07,146.1959228515625,265.3226013183594,18.893678665161133
2022-06-08,145.45864868164062,263.28765869140625,18.62009048461914
2022-06-09,140.22857666015625,257.8156433105469,18.0209903717041
2022-06-10,134.81173706054688,246.32644653320312,16.948596954345703
2022-06-13,129.65048217773438,235.87904357910156,15.623580932617188
2022-06-14,130.51556396484375,238.05032348632812,15.812298774719238
2022-06-15,133.14047241210938,245.1288299560547,16.50226402282715
2022-06-16,127.86125946044922,238.5177001953125,15.577651023864746
2022-06-17,129.3358917236328,241.12709045410156,15.856231689453125
2022-06-21,133.57302856445312,247.05667114257812,16.54120445251465
2022-06-22,133.0618438720703,246.46278381347656,16.335514068603516
2022-06-23,135.9324493408203,252.0418243408203,16.200719833374023
2022-06-24,139.26510620117188,260.6490173339844,17.100360870361328
2022-06-27,139.26510620117188,257.91302490234375,16.8437557220459
2022-06-28,135.116455078125,249.72451782226562,15.958080291748047
2022-06-29,136.876220703125,253.40496826171875,15.518738746643066
2022-06-30,134.4086456298828,250.06527709960938,15.136311531066895
2022-07-01,136.58128356933594,252.7428436279297,14.501264572143555
2022-07-05,139.1668243408203,255.9267578125,14.94160270690918
2022-07-06,140.50381469726562,259.1982727050781,15.107354164123535
2022-07-07,143.87586975097656,261.33056640625,15.834264755249023
2022-07-08,144.55418395996094,260.6100769042969,15.814297676086426
2022-07-11,142.42086791992188,257.54302978515625,15.129323959350586
2022-07-12,143.3941192626953,246.988525390625,15.059426307678223
2022-07-13,143.0303955078125,246.0635528564453,15.141303062438965
2022-07-14,145.96002197265625,247.3877410888672,15.348993301391602
2022-07-15,147.63125610351562,249.95822143554688,15.738409996032715
2022-07-18,144.58370971679688,247.55323791503906,16.076906204223633
2022-07-19,148.4472198486328,252.69422912597656,16.96656608581543
2022-07-20,150.45274353027344,255.36203002929688,17.780351638793945
2022-07-21,152.72369384765625,257.8642883300781,18.022985458374023
2022-07-22,151.48497009277344,253.50228881835938,17.293079376220703
2022-07-25,150.36424255371094,252.0126495361328,16.998517990112305
2022-07-26,149.037109375,245.26515197753906,16.508256912231445
2022-07-27,154.13934326171875,261.66162109375,17.76337432861328
2022-07-28,154.6898956298828,269.1295471191406,17.957080841064453
2022-07-29,159.7626495361328,273.3455505371094,18.13581657409668
2022-08-01,158.77955627441406,270.6874084472656,18.413400650024414
2022-08-02,157.30491638183594,267.58154296875,18.49827766418457
2022-08-03,163.32142639160156,275.0299377441406,18.864723205566406
2022-08-04,163.0068359375,276.1789245605469,19.186241149902344
2022-08-05,162.7804412841797,275.4583740234375,18.960582733154297
2022-08-08,162.3079071044922,272.93658447265625,17.766368865966797
2022-08-09,162.3571014404297,274.8644104003906,17.0604305267334
2022-08-10,166.61000061035156,281.54376220703125,18.069915771484375
2022-08-11,165.87167358398438,279.4600830078125,17.915145874023438
2022-08-12,169.42556762695312,284.2212829589844,18.680997848510742
2022-08-15,170.4986114501953,285.7402648925781,19.003517150878906
2022-08-16,170.34107971191406,285.0002746582031,18.850744247436523
2022-08-17,171.83749389648438,284.2489318847656,18.30755615234375
2022-08-18,171.44366455078125,283.1268615722656,18.744905471801758
2022-08-19,168.85455322265625,279.2043762207031,17.822288513183594
2022-08-22,164.96592712402344,271.0083312988281,17.008506774902344
2022-08-23,164.63121032714844,269.7301330566406,17.155284881591797
2022-08-24,164.92657470703125,269.0959167480469,17.196226119995117
2022-08-25,167.38771057128906,272.0816345214844,17.886188507080078
2022-08-26,161.07733154296875,261.582763671875,16.23566436767578
2022-08-29,158.87213134765625,258.792236328125,15.777350425720215
2022-08-30,156.44052124023438,256.5870666503906,15.444849967956543
2022-08-31,154.7767791748047,255.1234588623047,15.071410179138184
2022-09-01,155.5052947998047,254.07945251464844,13.916139602661133
2022-09-02,153.38870239257812,249.84478759765625,13.62657356262207
2022-09-06,152.12857055664062,247.1029815673828,13.44484806060791
2022-09-07,153.53636169433594,251.8255157470703,13.697543144226074
2022-09-08,152.05967712402344,252.2450714111328,13.973214149475098
2022-09-09,154.92442321777344,258.0408935546875,14.369735717773438
2022-09-12,160.8902587890625,260.17767333984375,14.487593650817871
2022-09-13,151.4492950439453,245.87356567382812,13.115242958068848
2022-09-14,152.8964385986328,246.09799194335938,13.112247467041016
2022-09-15,150.00216674804688,239.4239959716797,12.913484573364258
2022-09-16,148.3580780029297,238.79954528808594,13.182162284851074
2022-09-19,152.079345703125,238.5849151611328,13.365942001342773
2022-09-20,154.46176147460938,236.5651092529297,13.160189628601074
2022-09-21,151.3311767578125,233.15008544921875,13.245085716247559
2022-09-22,150.3663787841797,235.13079833984375,12.545928001403809
2022-09-23,148.09234619140625,232.14508056640625,12.500982284545898
2022-09-26,148.42703247070312,231.68646240234375,12.213326454162598
2022-09-27,149.40164184570312,230.67172241210938,12.398103713989258
2022-09-28,147.51145935058594,235.2186279296875,12.720718383789062
2022-09-29,140.26585388183594,231.7352752685547,12.20533561706543
2022-09-30,136.05235290527344,227.24691772460938,12.124435424804688
2022-10-03,140.23631286621094,234.89663696289062,12.496984481811523
2022-10-04,143.82960510253906,242.8390655517578,13.151198387145996
2022-10-05,144.1249237060547,243.1512908935547,13.193148612976074
2022-10-06,143.1699676513672,240.79977416992188,13.114243507385254
2022-10-07,137.91297912597656,228.55441284179688,12.06151008605957
2022-10-10,138.23785400390625,223.685546875,11.655997276306152
2022-10-11,136.8202362060547,219.93875122070312,11.572096824645996
2022-10-12,136.190185546875,220.27049255371094,11.486200332641602
2022-10-13,140.7678985595703,228.55441284179688,11.945648193359375
2022-10-14,136.22959899902344,223.0122833251953,11.213525772094727
2022-10-17,140.19696044921875,231.76454162597656,11.873733520507812
2022-10-18,141.51608276367188,232.71099853515625,11.95263957977295
2022-10-19,141.6243896484375,230.74002075195312,12.036540031433105
2022-10-20,141.16171264648438,230.4180450439453,12.179367065429688
2022-10-21,144.98143005371094,236.24314880371094,12.45103931427002
2022-10-24,147.12750244140625,241.24862670898438,12.583881378173828
2022-10-25,149.97262573242188,244.57583618164062,13.245085716247559
2022-10-26,147.0290985107422,225.70530700683594,12.880525588989258
2022-10-27,142.54977416992188,221.2462158203125,13.160189628601074
2022-10-28,153.31976318359375,230.1448516845703,13.817399024963379
2022-10-31,150.9570770263672,226.4956512451172,13.480803489685059
2022-11-01,148.30886840820312,222.63174438476562,13.526749610900879
2022-11-02,142.77621459960938,214.75759887695312,13.203137397766113
2022-11-03,136.7218017578125,209.0496368408203,13.404895782470703
2022-11-04,136.45555114746094,216.01629638671875,14.139012336730957
2022-11-07,136.98802185058594,222.3389892578125,14.283838272094727
2022-11-08,137.5599822998047,223.31475830078125,14.584479331970215
2022-11-09,132.99435424804688,219.06057739257812,13.759468078613281
2022-11-10,144.82745361328125,237.08226013183594,15.731099128723145
2022-11-11,147.61813354492188,241.11204528808594,16.307405471801758
2022-11-14,146.2178497314453,235.68699645996094,16.275447845458984
2022-11-15,147.95339965820312,236.0968017578125,16.64600372314453
2022-11-16,146.7207489013672,236.52732849121094,15.890908241271973
2022-11-17,148.62391662597656,236.4783935546875,15.658187866210938
2022-11-18,149.18601989746094,236.02828979492188,15.390508651733398
2022-11-21,145.9516143798828,236.8404083251953,15.298619270324707
2022-11-22,148.09146118164062,239.75625610351562,16.018754959106445
2022-11-23,148.96908569335938,242.2513885498047,16.499176025390625
2022-11-25,146.05023193359375,242.16334533691406,16.25047492980957
2022-11-28,142.21432495117188,236.556640625,15.808008193969727
2022-11-29,139.20675659179688,235.15745544433594,15.620233535766602
2022-11-30,145.97134399414062,249.64866638183594,16.907014846801758
2022-12-01,146.2474365234375,249.2083740234375,17.118816375732422
2022-12-02,145.75439453125,249.53126525878906,16.860057830810547
2022-12-05,144.5908203125,244.81500244140625,16.59431266784668
2022-12-06,140.92254638671875,239.84434509277344,15.971900939941406
2022-12-07,138.97994995117188,239.1104736328125,16.10477638244629
2022-12-08,140.66616821289062,242.07525634765625,17.15278434753418
2022-12-09,140.1829833984375,240.1378936767578,16.984943389892578
2022-12-12,142.48057556152344,247.07528686523438,17.51844024658203
2022-12-13,143.4469757080078,251.39039611816406,18.054933547973633
2022-12-14,141.21836853027344,251.6838836669922,17.65730857849121
2022-12-15,134.60171508789062,243.65060424804688,16.93598747253418
2022-12-16,132.63937377929688,239.42356872558594,16.555349349975586
2022-12-19,130.52911376953125,235.27479553222656,16.2386474609375
2022-12-20,130.46011352539062,236.59579467773438,16.069808959960938
2022-12-21,133.56631469726562,239.16917419433594,16.485416412353516
2022-12-22,130.3910675048828,233.06349182128906,15.324512481689453
2022-12-23,130.02621459960938,233.59185791015625,15.191640853881836
2022-12-27,128.22166442871094,231.85997009277344,14.10766315460205
2022-12-28,124.28715515136719,229.48223876953125,14.022745132446289
2022-12-29,127.80750274658203,235.82276916503906,14.589207649230957
2022-12-30,128.12303161621094,234.65838623046875,14.600197792053223
2023-01-03,123.33064270019531,234.42356872558594,14.301481246948242
2023-01-04,124.60272216796875,224.16917419433594,14.73507022857666
2023-01-05,123.28134155273438,217.52529907226562,14.251527786254883
2023-01-06,127.81736755371094,220.08889770507812,14.84496784210205
2023-01-09,128.33998107910156,222.23170471191406,15.613240242004395
2023-01-10,128.9119415283203,223.92453002929688,15.893975257873535
2023-01-11,131.63356018066406,230.69557189941406,15.985888481140137
2023-01-12,131.55467224121094,233.37657165527344,16.495403289794922
2023-01-13,132.88587951660156,234.08111572265625,16.883037567138672
2023-01-17,134.04946899414062,235.177001953125,17.68528175354004
2023-01-18,133.3296356201172,230.7347412109375,17.36058807373047
2023-01-19,133.38880920410156,226.93824768066406,16.749164581298828
2023-01-20,135.95265197753906,235.04983520507812,17.822153091430664
2023-01-23,139.14756774902344,237.35902404785156,19.174875259399414
2023-01-24,140.5478057861328,236.8306427001953,19.246803283691406
2023-01-25,139.8871612548828,235.431396484375,19.304750442504883
2023-01-26,141.95794677734375,242.66236877441406,19.78329849243164
2023-01-27,143.90054321289062,242.8189239501953,20.345766067504883
2023-01-30,141.0112762451172,237.48622131347656,19.143901824951172
2023-01-31,142.28335571289062,242.47645568847656,19.51854705810547
2023-02-01,143.40748596191406,247.31011962890625,20.923221588134766
2023-02-02,148.72254943847656,258.90509033203125,21.68849754333496
2023-02-03,152.3513641357422,252.7896270751953,21.080076217651367
2023-02-06,149.61990356445312,251.24359130859375,21.069082260131836
2023-02-07,152.49929809570312,261.8013916015625,22.152057647705078
2023-02-08,149.8072509765625,260.9892272949219,22.18402671813965
2023-02-09,148.77186584472656,257.9460754394531,22.31590461730957
2023-02-10,149.1372528076172,257.4373779296875,21.244915008544922
2023-02-13,151.94204711914062,265.48040771484375,21.767419815063477
2023-02-14,151.30007934570312,266.3121337890625,22.949304580688477
2023-02-15,153.4036865234375,264.18353271484375,22.742504119873047
2023-02-16,151.8037872314453,257.15032958984375,21.981218338012695
2023-02-17,150.65817260742188,253.13829040527344,21.367799758911133
2023-02-21,146.63864135742188,247.85108947753906,20.63549041748047
2023-02-22,147.0633087158203,246.71319580078125,20.734397888183594
2023-02-23,147.54721069335938,249.9110565185547,23.641645431518555
2023-02-24,144.89056396484375,244.46688842773438,23.264005661010742
2023-02-27,146.08560180664062,245.38894653320312,23.478801727294922
2023-02-28,145.5819091796875,244.66307067871094,23.194074630737305
2023-03-01,143.50794982910156,241.57315063476562,22.67656135559082
2023-03-02,144.1005401611328,246.32081604003906,23.29197883605957
2023-03-03,149.15701293945312,250.42111206054688,23.867433547973633
2023-03-06,151.92230224609375,251.97097778320312,23.53175163269043
2023-03-07,149.71995544433594,249.30284118652344,23.26995849609375
2023-03-08,150.9741973876953,248.86143493652344,24.16226577758789
2023-03-09,148.72247314453125,247.5077667236328,23.417842864990234
2023-03-10,146.65838623046875,243.84889221191406,22.94721031188965
2023-03-13,148.6039581298828,249.0772705078125,22.948204040527344
2023-03-14,150.69766235351562,255.8162078857422,24.044357299804688
2023-03-15,151.0926971435547,260.3775329589844,24.209232330322266
2023-03-16,153.917236328125,270.932373046875,25.521211624145508
2023-03-17,153.07777404785156,274.1007080078125,25.70507049560547
2023-03-20,155.44801330566406,267.03802490234375,25.879934310913086
2023-03-21,157.30467224121094,268.5584411621094,26.17870330810547
2023-03-22,155.8726806640625,267.096923828125,26.447492599487305
2023-03-23,156.95901489257812,272.3644714355469,27.16993522644043
2023-03-24,158.26268005371094,275.218994140625,26.75825309753418
2023-03-27,156.3170928955078,271.1089172363281,26.510446548461914
2023-03-28,155.69491577148438,269.9808044433594,26.389537811279297
2023-03-29,158.77626037597656,275.16015625,26.963092803955078
2023-03-30,160.3465118408203,278.63262939453125,27.36178207397461
2023-03-31,162.85498046875,282.801513671875,27.755477905273438
2023-04-03,164.1092529296875,281.75201416015625,27.943334579467773
2023-04-04,163.57594299316406,281.702880859375,27.431726455688477
2023-04-05,161.72914123535156,278.9170837402344,26.86017417907715
2023-04-06,162.61798095703125,286.0386047363281,27.016050338745117
2023-04-10,160.02059936523438,283.87078857421875,27.557632446289062
2023-04-11,158.80584716796875,277.43585205078125,27.147951126098633
2023-04-12,158.1145477294922,278.0832824707031,26.47447395324707
2023-04-13,163.50680541992188,284.3121643066406,26.442495346069336
2023-04-14,163.1611785888672,280.68280029296875,26.737266540527344
2023-04-17,163.18089294433594,283.2920227050781,26.981081008911133
2023-04-18,164.40554809570312,282.8701477050781,27.64556312561035
2023-04-19,165.55116271972656,282.94866943359375,27.909360885620117
2023-04-20,164.5832977294922,280.6533508300781,27.08300018310547
2023-04-21,162.9735107421875,280.3100280761719,27.097990036010742
2023-04-24,163.27969360351562,276.39605712890625,27.021045684814453
2023-04-25,161.73899841308594,270.1672058105469,26.220666885375977
2023-04-26,161.72914123535156,289.7366943359375,26.93511390686035
2023-04-27,166.3214874267578,299.01629638671875,27.20490837097168
2023-04-28,167.57571411132812,301.39996337890625,27.727502822875977
2023-05-01,167.48683166503906,299.73236083984375,28.887601852416992
2023-05-02,166.44985961914062,299.5851745605469,28.18814468383789
2023-05-03,165.37338256835938,298.59454345703125,27.78046226501465
2023-05-04,163.73397827148438,299.5851745605469,27.540647506713867
2023-05-05,171.41749572753906,304.7252197265625,28.65778160095215
2023-05-08,171.34835815429688,302.7634582519531,29.128414154052734
2023-05-09,169.63983154296875,301.1449279785156,28.548864364624023
2023-05-10,171.40760803222656,306.3536682128906,28.862621307373047
2023-05-11,171.59524536132812,304.19561767578125,28.555858612060547
2023-05-12,170.66563415527344,303.07733154296875,28.318044662475586
2023-05-15,170.171142578125,303.5579833984375,28.930566787719727
2023-05-16,170.171142578125,305.7944641113281,29.190364837646484
2023-05-17,170.7843017578125,308.68475341796875,30.154617309570312
2023-05-18,173.11827087402344,313.12823486328125,31.65345573425293
2023-05-19,173.22706604003906,312.95123291015625,31.239778518676758
2023-05-22,172.27761840820312,315.74322509765625,31.15184783935547
2023-05-23,169.66676330566406,309.92340087890625,30.66422462463379
2023-05-24,169.9436798095703,308.53729248046875,30.514339447021484
2023-05-25,171.0809783935547,320.40301513671875,37.9505729675293
2023-05-26,173.49404907226562,327.2550048828125,38.915828704833984
2023-05-30,175.3434295654297,325.6033935546875,40.07992172241211
2023-05-31,175.29397583007812,322.8311767578125,37.8046875
2023-06-01,178.1026153564453,326.95025634765625,39.73918914794922
2023-06-02,178.95314025878906,329.7225036621094,39.29653549194336
2023-06-05,177.59825134277344,330.25335693359375,39.14065170288086
2023-06-06,177.2323760986328,328.0316162109375,38.624053955078125
2023-06-07,175.85769653320312,317.90594482421875,37.44983673095703
2023-06-08,178.57733154296875,319.754150390625,38.48414611816406
2023-06-09,178.96304321289062,321.25823974609375,38.74397659301758
2023-06-12,181.76181030273438,326.2325744628906,39.45549011230469
2023-06-13,181.287109375,328.6313171386719,40.99445724487305
2023-06-14,181.9200439453125,331.629638671875,42.9681396484375
2023-06-15,183.9573211669922,342.20751953125,42.624366760253906
2023-06-16,182.87933349609375,336.53515625,42.663333892822266
2023-06-20,182.96835327148438,332.32757568359375,43.77859115600586
2023-06-21,181.929931640625,327.9136657714844,43.01609420776367
2023-06-22,184.93638610839844,333.95947265625,42.996116638183594
2023-06-23,184.61990356445312,329.3489074707031,42.180660247802734
2023-06-26,183.2254638671875,323.03765869140625,40.60472106933594
2023-06-27,185.9846954345703,328.9065856933594,41.84788131713867
2023-06-28,187.16152954101562,330.1648864746094,41.08939743041992
2023-06-29,187.49778747558594,329.3783874511719,40.79458999633789
2023-06-30,191.82943725585938,334.7755126953125,42.27359390258789
2023-07-03,190.3361358642578,332.26861572265625,42.384521484375
2023-07-05,189.2185821533203,332.4259338378906,42.28858947753906
2023-07-06,189.6932830810547,335.49310302734375,42.074737548828125
2023-07-07,188.5757598876953,331.5116882324219,42.47446060180664
2023-07-10,186.5286102294922,326.2129211425781,42.15167999267578
2023-07-11,186.00442504882812,326.84210205078125,42.376529693603516
2023-07-12,187.6758270263672,331.4920349121094,43.87252426147461
2023-07-13,188.4373321533203,336.8595886230469,45.946136474609375
2023-07-14,188.58566284179688,339.3959045410156,45.4384765625
2023-07-17,191.84925842285156,339.8775939941406,46.429813385009766
2023-07-18,191.59213256835938,353.4046936035156,47.46210861206055
2023-07-19,192.94699096679688,349.0693359375,47.04539108276367
2023-07-20,190.99874877929688,340.99835205078125,45.48944091796875
2023-07-21,189.82188415527344,337.95074462890625,44.27924728393555
2023-07-24,190.6229248046875,339.2680969238281,44.58205032348633
2023-07-25,191.48330688476562,345.03875732421875,45.648338317871094
2023-07-26,192.35360717773438,332.05230712890625,45.42148208618164
2023-07-27,191.0877227783203,325.1216735839844,45.86918640136719
2023-07-28,193.66891479492188,332.64215087890625,46.71861267089844
2023-07-31,194.28207397460938,330.2336730957031,46.697628021240234
2023-08-01,193.45138549804688,330.6466064453125,46.47577667236328
2023-08-02,190.4547882080078,321.9562072753906,44.23928451538086
2023-08-03,189.06033325195312,321.1304016113281,44.485111236572266
2023-08-04,179.98165893554688,322.2314758300781,44.650001525878906
2023-08-07,176.87632751464844,324.52203369140625,45.38650894165039
2023-08-08,177.81582641601562,320.5307312011719,44.63401412963867
2023-08-09,176.22360229492188,316.77545166015625,42.52543258666992
2023-08-10,176.00604248046875,317.4635925292969,42.35954666137695
2023-08-11,176.06546020507812,315.57611083984375,40.827571868896484
2023-08-14,177.71925354003906,318.5548095703125,43.7236213684082
2023-08-15,175.728759765625,316.4117126464844,43.910499572753906
2023-08-16,174.85728454589844,315.6432189941406,43.456809997558594
2023-08-17,172.3122100830078,312.17547607421875,43.31489562988281
2023-08-18,172.79747009277344,311.7815246582031,43.269927978515625
2023-08-21,174.1343536376953,317.101318359375,46.93547058105469
2023-08-22,175.51087951660156,317.67266845703125,45.63733673095703
2023-08-23,179.36312866210938,322.1452331542969,47.084373474121094
2023-08-24,174.6691436767578,315.21966552734375,47.13133239746094
2023-08-25,176.8774871826172,318.18499755859375,45.98710632324219
2023-08-28,178.4421844482422,318.894287109375,46.80355453491211
2023-08-29,182.33404541015625,323.5343933105469,48.75124740600586
2023-08-30,185.82980346679688,323.9086608886719,49.230926513671875
2023-08-31,186.04766845703125,322.89398193359375,49.32186508178711
2023-09-01,187.6222686767578,323.7806701660156,48.476436614990234
2023-09-05,187.8599090576172,328.5980529785156,48.515411376953125
2023-09-06,181.13580322265625,327.9380187988281,47.03328323364258
2023-09-07,175.83766174316406,325.0120544433594,46.213768005371094
2023-09-08,176.45166015625,329.30731201171875,45.5451545715332
2023-09-11,177.62020874023438,332.9228820800781,45.151390075683594
2023-09-12,174.58990478515625,326.84442138671875,44.843570709228516
2023-09-13,172.52017211914062,331.0707702636719,45.45820617675781
2023-09-14,174.03533935546875,333.67156982421875,45.55415725708008
2023-09-15,173.31239318847656,325.3174743652344,43.874141693115234
2023-09-18,176.2436981201172,324.1747131347656,43.940101623535156
2023-09-19,177.33303833007812,323.7707824707031,43.494361877441406
2023-09-20,173.7877655029297,316.0077819824219,42.2141227722168
2023-09-21,172.24288940429688,314.7861633300781,40.992835998535156
2023-09-22,173.09454345703125,312.30364990234375,41.585487365722656
2023-09-25,174.37203979492188,312.82574462890625,42.19712448120117
2023-09-26,170.29200744628906,307.5059509277344,41.88631057739258
2023-09-27,168.77684020996094,308.14630126953125,42.44298553466797
2023-09-28,169.03433227539062,308.983642578125,43.06361389160156
2023-09-29,169.5492706298828,311.06231689453125,43.4733772277832
2023-10-02,172.06463623046875,317.0224914550781,44.755619049072266
2023-10-03,170.72772216796875,308.73736572265625,43.49135971069336
2023-10-04,171.97549438476562,314.224609375,44.01506042480469
2023-10-05,173.21339416503906,314.6186828613281,44.661678314208984
2023-10-06,175.7683563232422,322.40142822265625,45.73504638671875
2023-10-09,177.25379943847656,324.9234313964844,45.2463264465332
2023-10-10,176.6596221923828,323.5146484375,45.77102279663086
2023-10-11,178.0559539794922,327.4848327636719,46.7784309387207
2023-10-12,178.95712280273438,326.2435302734375,46.91734313964844
2023-10-13,177.1151885986328,322.8644714355469,45.43421936035156
2023-10-16,176.98643493652344,327.70159912109375,46.067848205566406
2023-10-17,175.431640625,327.13018798828125,43.9121208190918
2023-10-18,174.1343536376953,325.2091064453125,42.171146392822266
2023-10-19,173.75804138183594,326.40118408203125,42.07620620727539
2023-10-20,171.20309448242188,321.8202209472656,41.36262130737305
2023-10-23,171.32191467285156,324.4308776855469,42.94968795776367
2023-10-24,171.7576446533203,325.62286376953125,43.63727569580078
2023-10-25,169.4403533935547,335.61236572265625,41.75438690185547
2023-10-26,165.2711944580078,323.0220947265625,40.30224609375
2023-10-27,166.58828735351562,324.91357421875,40.47614669799805
2023-10-30,168.63818359375,332.30224609375,41.136756896972656
2023-10-31,169.11355590820312,333.0903625488281,40.75597381591797
2023-11-01,172.28250122070312,340.9322204589844,42.30007553100586
2023-11-02,175.8475799560547,343.14874267578125,43.480369567871094
2023-11-03,174.93650817871094,347.56219482421875,44.97848892211914
2023-11-06,177.49147033691406,351.23687744140625,45.72405242919922
2023-11-07,180.05636596679688,355.177490234375,45.92793273925781
2023-11-08,181.11595153808594,357.807861328125,46.54656982421875
2023-11-09,180.6406707763672,355.33514404296875,46.922340393066406
2023-11-10,184.83509826660156,364.1817932128906,48.3065299987793
2023-11-13,183.24853515625,361.23614501953125,48.59135818481445
2023-11-14,185.86639404296875,364.7728271484375,49.62675094604492
2023-11-15,186.43161010742188,364.92095947265625,48.85920715332031
2023-11-16,188.11734008789062,371.3374938964844,49.45085525512695
2023-11-17,188.09750366210938,365.0986633300781,49.26896286010742
2023-11-20,189.84271240234375,372.5911560058594,50.379310607910156
2023-11-21,189.03953552246094,368.27728271484375,49.91457748413086
2023-11-22,189.70388793945312,372.99591064453125,48.68730163574219
2023-11-24,188.37513732910156,372.581298828125,47.747859954833984
2023-11-27,188.19664001464844,373.74609375,48.213584899902344
2023-11-28,188.801513671875,377.7835693359375,47.79282760620117
2023-11-29,187.78018188476562,373.9830017089844,48.11164474487305
2023-11-30,188.35533142089844,374.0422668457031,46.7424430847168
2023-12-01,189.63449096679688,369.6988220214844,46.73745346069336
2023-12-04,187.8396759033203,364.39776611328125,45.483192443847656
2023-12-05,191.7961883544922,367.7343444824219,46.542667388916016
2023-12-06,190.70542907714844,364.0621337890625,45.48019790649414
2023-12-07,192.6390380859375,366.1845397949219,46.5726432800293
2023-12-08,194.0669708251953,369.4223937988281,47.48219299316406
2023-12-11,191.5581817626953,366.5300598144531,46.603633880615234
2023-12-12,193.07537841796875,369.5704345703125,47.63311767578125
2023-12-13,196.29808044433594,369.5605773925781,48.063899993896484
2023-12-14,196.4468231201172,361.2289733886719,48.325767517089844
2023-12-15,195.91136169433594,365.9673767089844,48.86549758911133
2023-12-18,194.24546813964844,367.8627014160156,50.051902770996094
2023-12-19,195.28663635253906,368.4648742675781,49.57913589477539
2023-12-20,193.19435119628906,365.8587341308594,48.08688735961914
2023-12-21,193.04559326171875,368.7412414550781,48.965450286865234
2023-12-22,191.97467041015625,369.76788330078125,48.8055305480957
2023-12-26,191.4293212890625,369.84686279296875,49.25429916381836
2023-12-27,191.52845764160156,369.2644348144531,49.392234802246094
2023-12-28,191.95484924316406,370.45892333984375,49.4971809387207
2023-12-29,190.9136505126953,371.2091064453125,49.4971809387207
2024-01-02,184.08151245117188,366.10552978515625,48.14385986328125
2024-01-03,182.7031707763672,365.8390197753906,47.54515838623047
2024-01-04,180.38282775878906,363.2131652832031,47.97394943237305
2024-01-05,179.658935546875,363.0256652832031,49.072391510009766
2024-01-08,184.00216674804688,369.8764953613281,52.226810455322266
2024-01-09,183.58567810058594,370.96234130859375,53.11336898803711
2024-01-10,184.62689208984375,377.8526916503906,54.32276153564453
2024-01-11,184.03192138671875,379.68878173828125,54.79452133178711
2024-01-12,184.359130859375,383.4794921875,54.682579040527344
2024-01-16,182.08839416503906,385.25634765625,56.35374450683594
2024-01-17,181.14634704589844,384.46661376953125,56.02490997314453
2024-01-18,187.04640197753906,388.81005859375,57.0783805847168
2024-01-19,189.95179748535156,393.54840087890625,59.46118927001953
2024-01-22,192.26223754882812,391.4161682128906,59.62411117553711
2024-01-23,193.54141235351562,393.77545166015625,59.842994689941406
2024-01-24,192.86712646484375,397.3884582519531,61.33124923706055
2024-01-25,192.53990173339844,399.66876220703125,61.586124420166016
2024-01-26,190.8045654296875,398.7408142089844,61.00041580200195
2024-01-29,190.12034606933594,404.4564514160156,62.433692932128906
2024-01-30,186.4613494873047,403.3409423828125,62.74253845214844
2024-01-31,182.85189819335938,392.4724426269531,61.49617004394531
2024-02-01,185.29127502441406,398.5927429199219,62.99541091918945
2024-02-02,184.28973388671875,405.93719482421875,66.12683868408203
2024-02-05,186.1043701171875,400.4387512207031,69.29725646972656
2024-02-06,187.7107696533203,400.2807922363281,68.18881225585938
2024-02-07,187.81983947753906,408.7308044433594,70.0638656616211
2024-02-08,186.739013671875,408.7900695800781,69.6060791015625
2024-02-09,187.50352478027344,415.1473388671875,72.09685516357422
2024-02-12,185.8156280517578,409.9252624511719,72.2117919921875
2024-02-13,183.7206573486328,401.10015869140625,72.09186553955078
2024-02-14,182.83700561523438,404.9769287109375,73.86297607421875
2024-02-15,182.54908752441406,402.0792236328125,72.62158203125
2024-02-16,181.0101318359375,399.60675048828125,72.57660675048828
2024-02-20,180.26548767089844,398.3507995605469,69.41719818115234
2024-02-21,181.02008056640625,397.74749755859375,67.43819427490234
2024-02-22,183.0554656982422,407.11309814453125,78.49864196777344
2024-02-23,181.21864318847656,405.8175354003906,78.77751159667969
2024-02-26,179.8683319091797,403.04840087890625,79.0523681640625
2024-02-27,181.32786560058594,402.98907470703125,78.66155242919922
2024-02-28,180.12649536132812,403.2264404296875,77.62407684326172
2024-02-29,179.4612579345703,409.0811767578125,79.07235717773438
2024-03-01,178.37905883789062,410.9206848144531,82.23775482177734
2024-03-04,173.85154724121094,410.3470764160156,85.19428253173828
2024-03-05,168.90707397460938,398.2122802734375,85.9249496459961
2024-03-06,167.91416931152344,397.6584777832031,88.65970611572266
2024-03-07,167.79502868652344,404.6307678222656,92.62689971923828
2024-03-08,169.5126953125,401.7430114746094,87.48824310302734
2024-03-11,171.518310546875,400.0616760253906,85.73503875732422
2024-03-12,171.994873046875,410.703125,91.87125396728516
2024-03-13,169.90985107421875,410.525146484375,90.84671020507812
2024-03-14,171.76651000976562,420.5335998535156,87.90404510498047
2024-03-15,171.3892364501953,411.83056640625,87.7970962524414
2024-03-18,172.4813995361328,412.72064208984375,88.41481018066406
2024-03-19,174.82455444335938,416.76556396484375,89.3573989868164
2024-03-20,177.39608764648438,420.54345703125,90.33094787597656
2024-03-21,170.1481475830078,424.6378173828125,91.3934555053711
2024-03-22,171.05166625976562,424.0147705078125,94.24616241455078
2024-03-25,169.63185119628906,418.1996154785156,94.9588394165039
2024-03-26,168.49998474121094,417.0028991699219,92.5189437866211
2024-03-27,172.07432556152344,416.7853088378906,90.20899963378906
2024-03-28,170.25735473632812,416.08319091796875,90.31495666503906
2024-04-01,168.81768798828125,419.8907470703125,90.32194519042969
2024-04-02,167.63616943359375,416.7952880859375,89.41136169433594
2024-04-03,168.44039916992188,415.8161315917969,88.92359161376953
2024-04-04,167.6163330078125,413.2744445800781,85.86595916748047
2024-04-05,168.3708953857422,420.8302307128906,87.96802520751953
2024-04-08,167.2489471435547,419.9105529785156,87.09341430664062
2024-04-09,168.4602508544922,421.5819091796875,85.3152084350586
2024-04-10,166.583740234375,418.5951843261719,86.99945831298828
2024-04-11,173.79197692871094,423.21368408203125,90.57484436035156
2024-04-12,175.29122924804688,417.2501525878906,88.14594268798828
2024-04-15,171.45870971679688,409.0811767578125,85.96192932128906
2024-04-16,168.17234802246094,410.01080322265625,87.37528991699219
2024-04-17,166.8021697998047,407.301025390625,83.996826171875
2024-04-18,165.8489990234375,399.8144226074219,84.63253021240234
2024-04-19,163.82354736328125,394.7212219238281,76.1653823852539
2024-04-22,164.65756225585938,396.5409851074219,79.48188018798828
2024-04-23,165.70999145507812,403.078125,82.38555145263672
2024-04-24,167.8148956298828,404.55169677734375,79.64080047607422
2024-04-25,168.67868041992188,394.64215087890625,82.59446716308594
2024-04-26,168.09291076660156,401.8418884277344,87.69515228271484
2024-04-29,172.262939453125,397.81671142578125,87.7171401977539
2024-04-30,169.11557006835938,385.03912353515625,86.36275482177734
2024-05-01,168.09291076660156,390.5872802734375,83.00326538085938
2024-05-02,171.7963104248047,393.4553527832031,85.77801513671875
2024-05-03,182.072509765625,402.1781311035156,88.74866485595703
2024-05-06,180.4144287109375,408.9822998046875,92.09813690185547
2024-05-07,181.09947204589844,404.82855224609375,90.51285552978516
2024-05-08,181.43707275390625,406.015380859375,90.37093353271484
2024-05-09,183.2540283203125,407.77569580078125,88.7066879272461
2024-05-10,181.99139404296875,410.1690673828125,89.83717346191406
2024-05-13,185.2026824951172,409.1602783203125,90.35794067382812
2024-05-14,186.3460235595703,411.9690246582031,91.31450653076172
2024-05-15,188.622802734375,419.17181396484375,94.58700561523438
2024-05-16,188.7421112060547,417.10113525390625,94.3161392211914
2024-05-17,188.77194213867188,416.328369140625,92.4369888305664
2024-05-20,189.93516540527344,421.4110107421875,94.73694610595703
2024-05-21,191.2375946044922,425.0768127441406,95.34266662597656
2024-05-22,189.79595947265625,426.54315185546875,94.9068603515625
2024-05-23,185.7992401123047,423.0556640625,103.75186157226562
2024-05-24,188.8813018798828,426.18646240234375,106.42063903808594
2024-05-28,188.8912353515625,426.344970703125,113.84925079345703
2024-05-29,189.18951416015625,425.20562744140625,114.77283477783203
2024-05-30,190.18373107910156,410.8395690917969,110.4498062133789
2024-05-31,191.13818359375,411.2953186035156,109.58319854736328
2024-06-03,192.90786743164062,409.7001647949219,114.94776153564453
2024-06-04,193.22601318359375,412.2265930175781,116.38410949707031
2024-06-05,194.7372283935547,420.09332275390625,122.3843765258789
2024-06-06,193.35528564453125,420.5985412597656,120.94303131103516
2024-06-07,195.7513427734375,419.93475341796875,120.83308410644531
2024-06-10,192.00311279296875,423.9176330566406,121.73467254638672
2024-06-11,205.95199584960938,428.68316650390625,120.86500549316406
2024-06-12,211.83778381347656,436.9858093261719,125.15340423583984
2024-06-13,213.0010223388672,437.5010070800781,129.561767578125
2024-06-14,211.2611083984375,438.4818420410156,131.8309326171875
2024-06-17,215.4169464111328,444.2282409667969,130.93125915527344
2024-06-18,213.05068969726562,442.2170104980469,135.529541015625
2024-06-20,208.4673614501953,441.5829162597656,130.73133850097656
2024-06-21,206.29005432128906,445.625244140625,126.52288818359375
2024-06-24,206.936279296875,443.5347595214844,118.06603240966797
2024-06-25,207.86090087890625,446.784423828125,126.0430679321289
2024-06-26,212.0167236328125,447.9832458496094,126.35295867919922
2024-06-27,212.86183166503906,448.6668701171875,123.94384765625
2024-06-28,209.40191650390625,442.8213806152344,123.4940185546875
2024-07-01,215.49647521972656,452.51104736328125,124.25375366210938
2024-07-02,218.9961395263672,455.0374755859375,122.62434387207031
2024-07-03,220.26873779296875,456.5137023925781,128.2322540283203
2024-07-05,225.031005859375,463.2409362792969,125.78317260742188
2024-07-08,226.50245666503906,461.9331970214844,128.1522674560547
2024-07-09,227.3574676513672,455.2950744628906,131.33111572265625
2024-07-10,231.63262939453125,461.9430847167969,134.85980224609375
2024-07-11,226.25390625,450.4997863769531,127.35259246826172
2024-07-12,229.20672607421875,449.3603820800781,129.19190979003906
2024-07-15,233.04440307617188,449.7666015625,128.39219665527344
2024-07-16,233.46197509765625,445.3676452636719,126.31297302246094
2024-07-17,227.55633544921875,439.42303466796875,117.94608306884766
2024-07-18,222.8834991455078,436.3021545410156,121.04492950439453
2024-07-19,223.01275634765625,433.0722351074219,117.8861083984375
2024-07-22,222.66477966308594,438.8484191894531,123.4940185546875
2024-07-23,223.70870971679688,440.7407531738281,122.54437255859375
2024-07-24,217.276123046875,424.9381103515625,114.20747375488281
2024-07-25,216.23219299316406,414.5350646972656,112.23819732666016
2024-07-26,216.69947814941406,421.34161376953125,113.0179214477539
2024-07-29,216.97787475585938,422.7881774902344,111.5484619140625
2024-07-30,217.5346221923828,419.0133972167969,103.69139862060547
2024-07-31,220.795654296875,414.4855651855469,116.97643280029297
2024-08-01,217.09716796875,413.2569885253906,109.16935729980469
2024-08-02,218.58848571777344,404.7166442871094,107.23007202148438
2024-08-05,208.05972290039062,391.49981689453125,100.41261291503906
2024-08-06,206.0315399169922,395.9186706542969,104.21119689941406
2024-08-07,208.60655212402344,394.7496032714844,98.8731918334961
2024-08-08,212.07635498046875,398.97021484375,104.9309310913086
2024-08-09,214.98944091796875,402.2694396972656,104.71101379394531
2024-08-12,216.5222930908203,403.0521240234375,108.97942352294922
2024-08-13,220.2449951171875,410.1856689453125,116.09677124023438
2024-08-14,220.69287109375,413.0093078613281,118.03606414794922
2024-08-15,223.67898559570312,417.89263916015625,122.81427764892578
2024-08-16,225.00283813476562,415.35174560546875,124.53363800048828
2024-08-19,224.8435821533203,418.388916015625,129.9516143798828
2024-08-20,225.460693359375,421.6345520019531,127.20264434814453
2024-08-21,225.35121154785156,420.9794921875,128.45216369628906
2024-08-22,223.48985290527344,412.4534912109375,123.6939468383789
2024-08-23,225.78916931152344,413.6842346191406,129.32183837890625
2024-08-26,226.12757873535156,410.4088439941406,126.41293334960938
2024-08-27,226.97364807128906,410.7562255859375,128.25225830078125
2024-08-28,225.4407958984375,407.5404052734375,125.5632553100586
2024-08-29,228.7255096435547,410.0415954589844,117.54622650146484
2024-08-30,227.9391632080078,414.0316467285156,119.32557678222656
2024-09-03,221.738037109375,406.3890380859375,107.95980072021484
2024-09-04,219.82693481445312,405.8530578613281,106.17047119140625
2024-09-05,221.349853515625,405.3468322753906,107.17010498046875
2024-09-06,219.79705810546875,398.7066955566406,102.79171752929688
2024-09-09,219.88665771484375,402.6967468261719,106.43038177490234
2024-09-10,219.09034729003906,411.11358642578125,108.05976104736328
2024-09-11,221.6285400390625,419.8876953125,116.86649322509766
2024-09-12,221.738037109375,423.81817626953125,119.10585021972656
2024-09-13,221.46926879882812,427.38140869140625,119.06584930419922
2024-09-16,215.31790161132812,428.1258544921875,116.74651336669922
2024-09-17,215.7857208251953,431.9074401855469,115.5568618774414
2024-09-18,219.6676483154297,427.5997619628906,113.33749389648438
2024-09-19,227.8097686767578,435.4210510253906,117.83621215820312
2024-09-20,227.14288330078125,432.0265197753906,115.96674346923828
2024-09-23,225.42088317871094,430.2796630859375,116.22667694091797
2024-09-24,226.31671142578125,425.9720153808594,120.8353500366211
2024-09-25,225.3213348388672,428.8900451660156,123.47459411621094
2024-09-26,226.46603393554688,428.0960388183594,124.00444030761719
2024-09-27,226.73475646972656,424.83056640625,121.36520385742188
2024-09-30,231.92062377929688,427.09356689453125,121.40518951416016
